Workbook

Sheet تست کور
A1: کد | B1: گروه | C1: دشواری | D1: متن تراکنش (برای گفتن یا تایپ) | E1: وابسته به | F1: مسیر مورد انتظار | G1: خروجی حساب‌یار (پرکردنی) | H1: نتیجه (پرکردنی) | I1: ثبت اشتباه با اطمینان؟ (پرکردنی) | J1: یادداشت تستر (پرکردنی)
A2: R001 | B2: روزانه | C2: آسان | D2: امروز هشت میلیون و پانصد هزار تومان فروش نقدی داشتیم، پولش تو صندوقه. | F2: ثبت خودکار یا تأیید ساده
A3: R002 | B3: روزانه | C3: آسان | D3: بابت نصب و راه‌اندازی دستگاه برای شرکت آریا تجارت دو میلیون و ششصد هزار تومان به حساب ملت واریز شد. | F3: ثبت خودکار یا تأیید ساده
A4: R003 | B4: روزانه | C4: آسان | D4: قبض برق مغازه یک میلیون و دویست هزار تومن از ملت پرداخت شد. | F4: ثبت خودکار یا تأیید ساده
A5: R004 | B5: روزانه | C5: آسان | D5: برای تبلیغات اینستاگرام چهار میلیون از ملت دادیم. | F5: ثبت خودکار یا تأیید ساده
A6: R005 | B6: روزانه | C6: آسان | D6: ۳۵۰ هزار تومن ناهار بچه‌ها رو از صندوق دادیم. | F6: ثبت خودکار یا تأیید ساده
A7: R006 | B7: روزانه | C7: آسان | D7: کرایهٔ باربری ارسال سفارش به کرج ۸۰۰ هزار تومن نقد دادیم. | F7: ثبت خودکار یا تأیید ساده
A8: R007 | B8: روزانه | C8: آسان | D8: بنزین ماشین شرکت ۶۰۰ هزار تومن، کارت به کارت از تجارت. | F8: ثبت خودکار یا تأیید ساده
A9: R008 | B9: روزانه | C9: متوسط | D9: اشتراک ماهانهٔ نرم‌افزار CRM یک میلیون و دویست از ملت کم شد. | F9: ثبت خودکار یا تأیید ساده
A10: R009 | B10: روزانه | C10: آسان | D10: کارمزد انتقال پایا ۱۲ هزار تومن از حساب ملت کسر شد. | F10: ثبت خودکار یا تأیید ساده
A11: R010 | B11: روزانه | C11: آسان | D11: بانک ملت یک میلیون و چهارصد سود سپردهٔ این ماه رو واریز کرد. | F11: ثبت خودکار یا تأیید ساده
A12: R011 | B12: روزانه | C12: آسان | D12: کاغذ A4 و تونر پرینتر ۹۵۰ هزار تومن خریدیم، نقدی. | F12: ثبت خودکار یا تأیید ساده
A13: R012 | B13: روزانه | C13: آسان | D13: حق‌الزحمهٔ طراح لوگو پنج میلیون از تجارت پرداخت شد. | F13: ثبت خودکار یا تأیید ساده
... A33: R032 | B33: بدهی و طلب باز | C33: سخت | D33: آقای کاظمی ۱۲ میلیون نسیه از ما جنس برد. | F33: ثبت خودکار یا تأیید ساده
A34: R033 | B34: تسویه | C34: متوسط | D34: شرکت آریا تجارت ۲۵ میلیون بابت فاکتور فروش قبلی واریز کرد به ملت. | E34: R026 | F34: ثبت خودکار یا تأیید ساده
A35: R034 | B35: تسویه | C35: متوسط | D35: ۱۵ میلیون از ۱۸ میلیون بدهی پخش گلستان رو از تجارت دادیم. | E35: R027 | F35: ثبت خودکار یا تأیید ساده
A36: R035 | B36: تسویه | C36: سخت | D36: قبض برق مهر که اومده بود رو امروز از ملت پرداخت کردیم، ۴ میلیون. | E36: R025 | F36: ثبت خودکار یا تأیید ساده
A37: R036 | B37: تسویه | C37: سخت | D37: آقای کاظمی ۵ میلیون از بدهیش رو نقد آورد. | E37: R032 | F37: ثبت خودکار یا تأیید ساده
A38: R037 | B38: تسویه | C38: متوسط | D38: ۳ میلیون آقای رضایی بابت تعمیر کولر رو از صندوق دادیم. | E38: R028 | F38: ثبت خودکار یا تأیید ساده
A39: R038 | B39: تسویه | C39: سخت | D39: ۱۰ میلیون بدهی قبلی به آقای نوری رو تسویه کردیم از ملت. | F39: صف حسابدار ← «تحلیل کن»
A40: R039 | B40: شریک و مالک | C40: سخت | D40: شریکمون آقای سعیدی ۵۰ میلیون گذاشت تو کار و ریخت به ملت؛ گفت هر وقت لازم شد پسش میدیم. | F40: صف حسابدار ← «تحلیل کن»
A41: R040 | B41: شریک و مالک | C41: سخت | D41: خانم کریمی شریکمون ۲۰ میلیون ریخت به حساب شرکت. | F41: صف حسابدار ← «تحلیل کن»
A42: R041 | B42: شریک و مالک | C42: متوسط | D42: مجمع افزایش سرمایه رو تصویب کرد و آقای سعیدی ۱۰۰ میلیون آوردهٔ سرمایه ریخت به ملت. | F42: صف حسابدار ← «تحلیل کن»
A43: R042 | B43: شریک و مالک | C43: متوسط | D43: آقای سعیدی ۸ میلیون از حساب تجارت برای خرج شخصی خودش برداشت. | F43: صف حسابدار ← «تحلیل کن»
A44: R043 | B44: شریک و مالک | C44: سخت | D44: قبض تلفن دفتر رو خانم کریمی از جیب خودش داد، ۷۰۰ هزار تومن. | F44: کارت سؤال، بعد ثبت
A45: R044 | B45: شریک و مالک | C45: متوسط | D45: ۲۰ میلیون از پولی که آقای سعیدی گذاشته بود رو بهش پس دادیم از ملت. | E45: R039 | F45: صف حسابدار ← «تحلیل کن»
A46: R045 | B46: شریک و مالک | C46: متوسط | D46: آقای سعیدی ۸ میلیونی که برداشته بود رو برگردوند به تجارت. | E46: R042 | F46: صف حسابدار ← «تحلیل کن»
A47: R046 | B47: شریک و مالک | C47: سخت | D47: شریکم ۱۰ میلیون برداشت کرد، گفت پسش میده. | F47: صف حسابدار ← «تحلیل کن»
A48: R047 | B48: شریک و مالک | C48: سخت | D48: برادرم که شریکمه ده میلیون به حساب شرکت ریخت برای خرید مواد اولیه. | F48: صف حسابدار ← «تحلیل کن»
A49: R048 | B49: دارایی ثابت و تعمیر | C49: سخت | D49: یه کلید برق ۴۵۰ هزار تومانی برای تابلوی برق دفتر خریدیم که کلید سوختهٔ قبلی رو عوض کردیم؛ نقد از صندوق. | F49: ثبت خودکار یا تأیید ساده
A50: R049 | B50: دارایی ثابت و تعمیر | C50: سخت | D50: یه پرینتر لیزری ۲۵ میلیون تومانی برای دفتر از حساب ملت خریدیم | F50: صف حسابدار ← «تحلیل کن»
A51: R050 | B51: دارایی ثابت و تعمیر | C51: سخت | D51: تابلوی برق ساختمان رو با ۲۲ میلیون تومان کامل بازسازی و ارتقا دادیم؛ نقد از صندوق. | F51: صف حسابدار ← «تحلیل کن»
A52: R051 | B52: دارایی ثابت و تعمیر | C52: متوسط | D52: لپ‌تاپ ۱۸ میلیونی برای حسابدار از تجارت خریدیم. | F52: کارت سؤال، بعد ثبت
A53: R052 | B53: دارایی ثابت و تعمیر | C53: متوسط | D53: ماشین شرکت تصادف کرد، صافکاری و رنگ ۹ میلیون شد، از ملت دادیم. | F53: ثبت خودکار یا تأیید ساده
A54: R053 | B54: دارایی ثابت و تعمیر | C54: سخت | D54: موتور کولر سوخت، یه موتور نو ۶ میلیونی جاش گذاشتیم، نقد. | F54: ثبت خودکار یا تأیید ساده
A55: R054 | B55: پیش‌پرداخت، پیش‌دریافت، ودیعه | C55: سخت | D55: اجارهٔ شش‌ماههٔ دفتر رو ۳۶ میلیون تومان پیش‌پرداخت کردیم از بانک ملت. | F55: صف حسابدار ← «تحلیل کن»
A56: R055 | B56: پیش‌پرداخت، پیش‌دریافت، ودیعه | C56: سخت | D56: بیمهٔ آتش‌سوزی انبار یک‌ساله ۱۲ میلیون از ملت. | F56: صف حسابدار ← «تحلیل کن»
A57: R056 | B57: پیش‌پرداخت، پیش‌دریافت، ودیعه | C57: سخت | D57: بیمهٔ حوادث کارگران کارگاه یک‌ساله ۱۲ میلیون تومان از بانک ملت پرداخت شد. | F57: صف حسابدار ← «تحلیل کن»
A58: R057 | B58: پیش‌پرداخت، پیش‌دریافت، ودیعه | C58: سخت | D58: مشتری ۱۵ میلیون پیش‌پرداخت داد برای پروژه‌ای که ماه بعد شروع می‌کنیم، ریخت به ملت. | F58: صف حسابدار ← «تحلیل کن»
A59: R058 | B59: پیش‌پرداخت، پیش‌دریافت، ودیعه | C59: سخت | D59: ۵۰ میلیون ودیعهٔ اجارهٔ انبار جدید رو به موجر دادیم از ملت؛ موقع تخلیه پس می‌ده. | F59: صف حسابدار ← «تحلیل کن»
A60: R059 | B60: پیش‌پرداخت، پیش‌دریافت، ودیعه | C60: سخت | D60: آقای اسدی ۵۰ میلیون ودیعهٔ انبار رو پس داد چون قرارداد فسخ شد، ریخت به ملت. | E60: R058 | F60: صف حسابدار ← «تحلیل کن»
A61: R060 | B61: پیش‌پرداخت، پیش‌دریافت، ودیعه | C61: خیلی سخت | D61: پروژهٔ شرکت آریا تجارت که پیش‌پرداختش رو گرفته بودیم تموم شد و تحویل دادیم. | E61: R057 | F61: صف حسابدار ← «تحلیل کن»
A62: R061 | B62: پیش‌پرداخت، پیش‌دریافت، ودیعه | C62: خیلی سخت | D62: بیمهٔ انبار رو فسخ کردیم، ۶ میلیون پس دادن به ملت. | E62: R055 | F62: صف حسابدار ← «تحلیل کن»
A63: R062 | B63: حقوق و کارکنان | C63: متوسط | D63: حقوق مهر کارمندها ۳۰ میلیون تومان خالص بود و از بانک ملت واریز شد. | F63: صف حسابدار ← «تحلیل کن»
A64: R063 | B64: حقوق و کارکنان | C64: خیلی سخت | D64: حقوق ناخالص مهر ۵۰ میلیون بود؛ ۷ میلیون بیمه و ۳ میلیون مالیات کسر شد و ۴۰ میلیون از ملت واریز کردیم. | F64: امتناع درست — شکاف شناخته‌شدهٔ سیستم
A65: R064 | B65: حقوق و کارکنان | C65: متوسط | D65: ده میلیون حقوق دادم به کارمندا از ملت. | F65: صف حسابدار ← «تحلیل کن»
A66: R065 | B66: حقوق و کارکنان | C66: متوسط | D66: ۵ میلیون مساعده به رضا احمدی دادیم از صندوق، از حقوق ماه بعدش کم می‌کنیم. | F66: صف حسابدار ← «تحلیل کن»
A67: R066 | B67: حقوق و کارکنان | C67: متوسط | D67: عیدی پرسنل ۲۰ میلیون از تجارت دادیم. | F67: صف حسابدار ← «تحلیل کن»
A68: R067 | B68: حقوق و کارکنان | C68: خیلی سخت | D68: لیست بیمهٔ تأمین اجتماعی مهر رو ۹ میلیون از ملت پرداخت کردیم. | F68: صف حسابدار ← «تحلیل کن»
A69: R068 | B69: ارزش افزوده | C69: خیلی سخت | D69: فاکتور خرید از شرکت پخش گلستان زدیم ۴۰ میلیون تومان به‌علاوهٔ ۱۰ درصد ارزش افزوده، پولش هنوز ندادیم. | F69: کارت سؤال، بعد ثبت
A70: R069 | B70: ارزش افزوده | C70: سخت | D70: ۱۱ میلیون با ارزش افزوده لوازم اداری خریدیم از ملت. | F70: ثبت خودکار یا تأیید ساده
A71: R070 | B71: ارزش افزوده | C71: سخت | D71: ۵۵ میلیون فروش با ارزش افزوده داشتیم، پولش اومد به ملت. | F71: ثبت خودکار یا تأیید ساده
A72: R071 | B72: ارزش افزوده | C72: سخت | D72: ۵ میلیون ارزش افزودهٔ فصل رو به سازمان مالیاتی پرداخت کردیم از ملت. | E72: R070 | F72: ثبت خودکار یا تأیید ساده
A73: R072 | B73: ارزش افزوده | C73: سخت | D73: فروش ۳۰ میلیون، ارزش افزوده هم داره، نقد گرفتیم. | F73: کارت سؤال، بعد ثبت
A74: R073 | B74: ارزش افزوده | C74: سخت | D74: اظهارنامهٔ ارزش افزوده رو فرستادیم، ۸ میلیون بدهی شد که هنوز پرداخت نکردیم. | F74: صف حسابدار ← «تحلیل کن»
A75: R074 | B75: چک | C75: سخت | D75: ۲۰ میلیون جنس به شرکت آریا تجارت فروختیم و یه چک به سررسید ۱۵ آذر گرفتیم. | F75: صف حسابدار ← «تحلیل کن»
A76: R075 | B76: چک | C76: سخت | D76: یه چک ۱۵ میلیونی به سررسید ۱ دی بابت خرید جنس به پخش گلستان دادیم. | F76: صف حسابدار ← «تحلیل کن»
A77: R076 | B77: چک | C77: سخت | D77: یه چک ۸ میلیونی به تعمیرکار دادیم. | F77: صف حسابدار ← «تحلیل کن»
A78: R077 | B78: چک | C78: خیلی سخت | D78: چک ۲۰ میلیونی آریا تجارت برگشت خورد. | E78: R074 | F78: امتناع درست — شکاف شناخته‌شدهٔ سیستم
A79: R078 | B79: وام | C79: متوسط | D79: ۲۰۰ میلیون وام از بانک ملت گرفتیم، ریخت به حساب ملت. | F79: صف حسابدار ← «تحلیل کن»
A80: R079 | B80: وام | C80: خیلی سخت | D80: قسط وام بانک ملت ۱۲ میلیون تومان پرداخت شد که ۹ میلیونش اصل و ۳ میلیونش سود بود. | E80: R078 | F80: امتناع درست — شکاف شناخته‌شدهٔ سیستم
A81: R080 | B81: وام | C81: متوسط | D81: ۹ میلیون اصل وام ملت رو پرداخت کردیم. | E81: R078 | F81: صف حسابدار ← «تحلیل کن»
A82: R081 | B82: برگشت | C82: خیلی سخت | D82: مشتری ۴ میلیون تومان از کالای نقدی که دیروز خریده بود رو برگروند و پولش رو از صندوق پس دادیم. | F82: امتناع درست — شکاف شناخته‌شدهٔ سیستم
A83: R082 | B83: برگشت | C83: خیلی سخت | D83: ۵ میلیون تومان از پول اجناسی که هفتهٔ پیش نقد از بازار خریده بودیم پس داده شد و رفت تو صندوق. | F83: امتناع درست — شکاف شناخته‌شدهٔ سیستم
A84: R083 | B84: برگشت | C84: خیلی سخت | D84: ۳ میلیون باقی‌ماندهٔ جنس‌های پخش گلستان خراب بود، برگردوندیم؛ از بدهیمون کم کردن. | E84: R034 | F84: صف حسابدار ← «تحلیل کن»
A85: R084 | B85: برگشت | C85: خیلی سخت | D85: پخش گلستان ۲ میلیون اضافه‌ای که پارسال بهشون داده بودیم رو پس داد، به ملت. | F85: صف حسابدار ← «تحلیل کن»
A86: R085 | B86: برگشت | C86: سخت | D86: مشتری ۳ میلیون بیعانه برای سفارش داده بود و امروز چون منصرف شد بهش پس دادیم از صندوق. | F86: صف حسابدار ← «تحلیل کن»
A87: R086 | B87: انتقال داخلی و تنخواه | C87: متوسط | D87: ۲۰ میلیون از حساب ملت برداشت کردیم گذاشتیم تو صندوق. | F87: ثبت خودکار یا تأیید ساده
A88: R087 | B88: انتقال داخلی و تنخواه | C88: متوسط | D88: ۵۰ میلیون از ملت به حساب تجارت منتقل کردیم. | F88: ثبت خودکار یا تأیید ساده
A89: R088 | B89: انتقال داخلی و تنخواه | C89: متوسط | D89: تنخواه رضا احمدی رو ۱۰ میلیون از ملت شارژ کردیم. | F89: ثبت خودکار یا تأیید ساده
A90: R089 | B90: ابهام و چندمبلغی | C90: سخت | D90: یه واریزی ۷ میلیونی اومده به حساب تجارت، نمی‌دونم از کیه. | F90: صف حسابدار ← «تحلیل کن»
A91: R090 | B91: ابهام و چندمبلغی | C91: سخت | D91: پنج میلیون جابه‌جا شد. | F91: صف حسابدار ← «تحلیل کن»
A92: R091 | B92: ابهام و چندمبلغی | C92: متوسط | D92: یه چیزی خریدیم برای دفتر، مبلغش یادم نیست. | F92: صف حسابدار ← «تحلیل کن»
A93: R092 | B93: ابهام و چندمبلغی | C93: سخت | D93: امروز سه تا خرج داشتیم: ۴۰۰ هزار تاکسی، ۲ میلیون ناهار جلسه و ۸۰۰ هزار کاغذ؛ همه از صندوق. | F93: ثبت خودکار یا تأیید ساده
A94: R093 | B94: ابهام و چندمبلغی | C94: سخت | D94: اجاره ۱۵ میلیون بود ولی نه ببخشید ۱۲ میلیون، دادیم از ملت. | F94: ثبت خودکار یا تأیید ساده
A95: R094 | B95: ابهام و چندمبلغی | C95: خیلی سخت | D95: کل خرید امروز ۱۰ میلیون شد که ۶ میلیونش جنس بود و ۴ میلیونش کرایهٔ حمل، از ملت. | F95: صف حسابدار ← «تحلیل کن»
A96: R095 | B96: نباید ثبت شود | C96: متوسط | D96: فردا قراره ۱۰ میلیون اجاره بدیم. | F96: نباید هیچ سندی ثبت شود
... A101: R100 | B101: نباید ثبت شود | C101: آسان | D101: موجودی حساب ملت الان چقدره؟ | F101: نباید هیچ سندی ثبت شود

Sheet کلید پاسخ کامل
A1: کد | B1: گروه | C1: متن تراکنش | D1: مسیر مورد انتظار | E1: بدهکار | F1: بستانکار | G1: مبلغ سند (تومان) | H1: سؤال‌های مورد انتظار | I1: جواب‌هایی که بده | J1: توضیح ثبت درست | K1: تله / چرا سخت است
A2: R001 | B2: روزانه | C2: امروز هشت میلیون و پانصد هزار تومان فروش نقدی داشتیم، پولش تو صندوقه. | D2: ثبت خودکار یا تأیید ساده | E2: صندوق — ۸٬۵۰۰٬۰۰۰ | F2: فروش — ۸٬۵۰۰٬۰۰۰ | G2: 8500000 | K2: عدد با حروف
A3: R002 | B3: روزانه | C3: بابت نصب و راه‌اندازی دستگاه برای شرکت آریا تجارت دو میلیون و ششصد هزار تومان به حساب ملت واریز شد. | D3: ثبت خودکار یا تأیید ساده | E3: جاری ملت — ۲٬۶۰۰٬۰۰۰ | F3: خدمات — ۲٬۶۰۰٬۰۰۰ | G3: 2600000 | J3: طرف‌حساب: شرکت آریا تجارت. | K3: درآمد خدمات، نه فروش کالا
A4: R003 | B4: روزانه | C4: قبض برق مغازه یک میلیون و دویست هزار تومن از ملت پرداخت شد. | D4: ثبت خودکار یا تأیید ساده | E4: قبوض — ۱٬۲۰۰٬۰۰۰ | F4: جاری ملت — ۱٬۲۰۰٬۰۰۰ | G4: 1200000
A5: R004 | B5: روزانه | C5: برای تبلیغات اینستاگرام چهار میلیون از ملت دادیم. | D5: ثبت خودکار یا تأیید ساده | E5: تبلیغات و بازاریابی — ۴٬۰۰۰٬۰۰۰ | F5: جاری ملت — ۴٬۰۰۰٬۰۰۰ | G5: 4000000
A6: R005 | B6: روزانه | C6: ۳۵۰ هزار تومن ناهار بچه‌ها رو از صندوق دادیم. | D6: ثبت خودکار یا تأیید ساده | E6: خوراک — ۳۵۰٬۰۰۰ | F6: صندوق — ۳۵۰٬۰۰۰ | G6: 350000
A7: R006 | B7: روزانه | C7: کرایهٔ باربری ارسال سفارش به کرج ۸۰۰ هزار تومن نقد دادیم. | D7: ثبت خودکار یا تأیید ساده | E7: حمل‌ونقل — ۸۰۰٬۰۰۰ | F7: صندوق — ۸۰۰٬۰۰۰ | G7: 800000
A8: R007 | B8: روزانه | C8: بنزین ماشین شرکت ۶۰۰ هزار تومن، کارت به کارت از تجارت. | D8: ثبت خودکار یا تأیید ساده | E8: سوخت و ایاب‌وذهاب — ۶۰۰٬۰۰۰ | F8: جاری تجارت — ۶۰۰٬۰۰۰ | G8: 600000
A9: R008 | B9: روزانه | C9: اشتراک ماهانهٔ نرم‌افزار CRM یک میلیون و دویست از ملت کم شد. | D9: ثبت خودکار یا تأیید ساده | E9: نرم‌افزار و اشتراک — ۱٬۲۰۰٬۰۰۰ | F9: جاری ملت — ۱٬۲۰۰٬۰۰۰ | G9: 1200000 | K9: اشتراک یک‌ماهه هزینهٔ همین ماه است، نه پیش‌پرداخت
A10: R009 | B10: روزانه | C10: کارمزد انتقال پایا ۱۲ هزار تومن از حساب ملت کسر شد. | D10: ثبت خودکار یا تأیید ساده | E10: کارمزد بانکی — ۱۲٬۰۰۰ | F10: جاری ملت — ۱۲٬۰۰۰ | G10: 12000
A11: R010 | B11: روزانه | C11: بانک ملت یک میلیون و چهارصد سود سپردهٔ این ماه رو واریز کرد. | D11: ثبت خودکار یا تأیید ساده | E11: جاری ملت — ۱٬۴۰۰٬۰۰۰ | F11: سایر درآمدها — ۱٬۴۰۰٬۰۰۰ | G11: 1400000 | K11: سود سپرده درآمد غیرعملیاتی است، نه فروش
A12: R011 | B12: روزانه | C12: کاغذ A4 و تونر پرینتر ۹۵۰ هزار تومن خریدیم، نقدی. | D12: ثبت خودکار یا تأیید ساده | E12: ملزومات اداری — ۹۵۰٬۰۰۰ | F12: صندوق — ۹۵۰٬۰۰۰ | G12: 950000
A13: R012 | B13: روزانه | C13: حق‌الزحمهٔ طراح لوگو پنج میلیون از تجارت پرداخت شد. | D13: ثبت خودکار یا تأیید ساده | E13: پیمانکار و خدمات بیرونی — ۵٬۰۰۰٬۰۰۰ | F13: جاری تجارت — ۵٬۰۰۰٬۰۰۰ | G13: 5000000 | K13: «حق‌الزحمه» واژهٔ درآمد خدمات است؛ این‌جا پول رفته
A14: R013 | B14: روزانه | C14: هزینهٔ دورهٔ آموزش اکسل برای دو نفر از کارمندا ۳ میلیون از ملت. | D14: ثبت خودکار یا تأیید ساده | E14: آموزش — ۳٬۰۰۰٬۰۰۰ | F14: جاری ملت — ۳٬۰۰۰٬۰۰۰ | G14: 3000000
A15: R014 | B15: روزانه | C15: اجارهٔ همین ماه دفتر ۱۵ میلیون به آقای اسدی از ملت واریز شد. | D15: ثبت خودکار یا تأیید ساده | E15: اجاره — ۱۵٬۰۰۰٬۰۰۰ | F15: جاری ملت — ۱۵٬۰۰۰٬۰۰۰ | G15: 15000000 | J15: طرف‌حساب: آقای اسدی. | K15: اجارهٔ یک‌ماهه هزینه است، نه پیش‌پرداخت
A16: R015 | B16: روزانه | C16: دو میلیون و هفتصد پول پروژهٔ طراحی سایت رو از مشتری نقد گرفتیم. | D16: ثبت خودکار یا تأیید ساده | E16: صندوق — ۲٬۷۰۰٬۰۰۰ | F16: پروژه و دستمزد — ۲٬۷۰۰٬۰۰۰ | G16: 2700000
A17: R016 | B17: گفتار و تایپ | C17: امروز 12 میلیون تومن جنس فروختیم ریختن به حساب ملت | D17: ثبت خودکار یا تأیید ساده | E17: جاری ملت — ۱۲٬۰۰۰٬۰۰۰ | F17: فروش — ۱۲٬۰۰۰٬۰۰۰ | G17: 12000000 | K17: رقم لاتین، بی‌نقطه‌گذاری
A18: R017 | B18: گفتار و تایپ | C18: یه تومن و نیم پول آب دادیم | D18: کارت سؤال، بعد ثبت | E18: قبوض — ۱٬۵۰۰٬۰۰۰ | F18: صندوق — ۱٬۵۰۰٬۰۰۰ | G18: 1500000 | H18: مقیاس مبلغ (۱٬۵۰۰ تومان یا ۱٬۵۰۰٬۰۰۰ تومان؟) از کدام بانک یا صندوق؟ | I18: یک میلیون و پانصد هزار تومان از صندوق | K18: «تومن» محاوره‌ای یعنی میلیون؛ حدس زدن مقیاس و حساب ممنوع است
A19: R018 | B19: گفتار و تایپ | C19: اقای رضایی ۲ میلیون حق زحمه تعمیر کولر رو گرفت، از صندوق دادیم | D19: ثبت خودکار یا تأیید ساده | E19: تعمیر و نگهداری — ۲٬۰۰۰٬۰۰۰ | F19: صندوق — ۲٬۰۰۰٬۰۰۰ | G19: 2000000 | J19: طرف‌حساب: آقای رضایی. | K19: «اقای» بی‌کلاه؛ «حق زحمه» واژهٔ درآمد است ولی پول رفته
A20: R019 | B20: گفتار و تایپ | C20: ۲۵۰ هزار تومن واسه پیک کارت به کارت کردیم از تجارت | D20: ثبت خودکار یا تأیید ساده | E20: حمل‌ونقل — ۲۵۰٬۰۰۰ | F20: جاری تجارت — ۲۵۰٬۰۰۰ | G20: 250000
A21: R020 | B21: گفتار و تایپ | C21: فروختیم ۷ میلیون، نصفش نقد نصفش کارت به ملت | D21: صف حسابدار ← «تحلیل کن» | E21: صندوق — ۳٬۵۰۰٬۰۰۰ جاری ملت — ۳٬۵۰۰٬۰۰۰ | F21: فروش — ۷٬۰۰۰٬۰۰۰ | G21: 7000000 | K21: دو ورود پول در دو حساب؛ یک ردیف ۷ میلیونی در یک حساب غلط است (دو ثبت جدا هم درست است)
A22: R021 | B22: گفتار و تایپ | C22: خانم شاملو ۲ میلیون بابت کاغذ و تونر از صندوق گرفت | D22: ثبت خودکار یا تأیید ساده | E22: ملزومات اداری — ۲٬۰۰۰٬۰۰۰ | F22: صندوق — ۲٬۰۰۰٬۰۰۰ | G22: 2000000 | J22: طرف‌حساب: خانم شاملو. | K22: «شام» درون «شاملو» نباید دستهٔ خوراک بسازد
A23: R022 | B23: گفتار و تایپ | C23: آقای وکیلی ۳ میلیون بابت میز برامون خرید، از ملت بهش دادیم | D23: کارت سؤال، بعد ثبت | E23: سایر هزینه‌ها — ۳٬۰۰۰٬۰۰۰ | F23: جاری ملت — ۳٬۰۰۰٬۰۰۰ | G23: 3000000 | H23: این خرید برای چیست؟ | I23: استفادهٔ بلندمدت | J23: طرف‌حساب: آقای وکیلی. | K23: «وکیل» درون «وکیلی» نباید «پیمانکار» بسازد؛ کالای ماندگار زیر حد ۲۰ میلیون هزینه است، نه دارایی
A24: R023 | B24: گفتار و تایپ | C24: امروز دو میلیون و پونصد خرج غذای مهمونای جلسه شد از صندوق | D24: ثبت خودکار یا تأیید ساده | E24: خوراک — ۲٬۵۰۰٬۰۰۰ | F24: صندوق — ۲٬۵۰۰٬۰۰۰ | G24: 2500000 | K24: «پونصد» محاوره‌ای
A25: R024 | B25: گفتار و تایپ | C25: پول اینترنت دفتر یک و دویست شد، از ملت رفت | D25: ثبت خودکار یا تأیید ساده | E25: قبوض — ۱٬۲۰۰٬۰۰۰ | F25: جاری ملت — ۱٬۲۰۰٬۰۰۰ | G25: 1200000 | K25: «یک و دویست» یعنی ۱٬۲۰۰٬۰۰۰
A26: R025 | B26: بدهی و طلب باز | C26: قبض برق مهر مغازه ۴ میلیون تومان اومده ولی قراره تا آبان پرداختش کنیم. | D26: کارت سؤال، بعد ثبت | E26: قبوض — ۴٬۰۰۰٬۰۰۰ | F26: حساب پرداختنی — اداره برق — ۴٬۰۰۰٬۰۰۰ | G26: 4000000 | H26: طرف حساب چه کسی است؟ | I26: اداره برق | K26: پولی جابه‌جا نشده؛ هیچ ردیف نقدی و هیچ برداشت از صندوق
A27: R026 | B27: بدهی و طلب باز | C27: فاکتور فروش ۲۵ میلیونی برای شرکت آریا تجارت زدیم، قراره آخر ماه بپردازه. | D27: ثبت خودکار یا تأیید ساده | E27: حساب دریافتنی — شرکت آریا تجارت — ۲۵٬۰۰۰٬۰۰۰ | F27: فروش — ۲۵٬۰۰۰٬۰۰۰ | G27: 25000000 | K27: فروش نسیه؛ ورود پول ندارد
A28: R027 | B28: بدهی و طلب باز | C28: از پخش گلستان ۱۸ میلیون جنس گرفتیم، پولش هفتهٔ بعد. | D28: کارت سؤال، بعد ثبت | E28: مواد و کالا — ۱۸٬۰۰۰٬۰۰۰ | F28: حساب پرداختنی — پخش گلستان — ۱۸٬۰۰۰٬۰۰۰ | G28: 18000000 | H28: این خرید برای چیست؟ (اگر پرسید) نام کالا، تعداد و واحد | I28: فروش مجدد ۳۶ کارتن روغن، هر کارتن ۵۰۰ هزار تومان | K28: خرید نسیه؛ «گرفتیم» دریافت پول نیست
A29: R028 | B29: بدهی و طلب باز | C29: تعمیرکار اومد کولر رو درست کرد، ۳ میلیون شد، هنوز بهش ندادیم. | D29: کارت سؤال، بعد ثبت | E29: تعمیر و نگهداری — ۳٬۰۰۰٬۰۰۰ | F29: حساب پرداختنی — آقای رضایی — ۳٬۰۰۰٬۰۰۰ | G29: 3000000 | H29: نام طرف حساب؟ | I29: آقای رضایی | K29: کار انجام‌شده و پرداخت‌نشده = بدهی
A30: R029 | B30: بدهی و طلب باز | C30: حقوق مهر رو هنوز ندادیم؛ ۴۰ میلیون خالص می‌شه. | D30: صف حسابدار ← «تحلیل کن» | E30: حقوق و دستمزد — ۴۰٬۰۰۰٬۰۰۰ | F30: حساب پرداختنی — کارکنان — ۴۰٬۰۰۰٬۰۰۰ | G30: 40000000 | H30: کسور بیمه و مالیات این حقوق چقدر بود؟ | I30: کسوری نداشت | K30: حقوق معوق؛ ردیف نقدی ممنوع؛ «خالص» دوباره پرسیده نشود
A31: R030 | B31: بدهی و طلب باز | C31: خدمات پشتیبانی مهر رو برای مشتری انجام دادیم، ۶ میلیون؛ فاکتورش رفته ولی هنوز پول نداده. | D31: کارت سؤال، بعد ثبت | E31: حساب دریافتنی — شرکت آریا تجارت — ۶٬۰۰۰٬۰۰۰ | F31: خدمات — ۶٬۰۰۰٬۰۰۰ | G31: 6000000 | H31: نام مشتری؟ | I31: شرکت آریا تجارت
A32: R031 | B32: بدهی و طلب باز | C32: قبض گاز ۸۵۰ هزار تومن اومده، پرداخت نشده. | D32: کارت سؤال، بعد ثبت | E32: قبوض — ۸۵۰٬۰۰۰ | F32: حساب پرداختنی — شرکت گاز — ۸۵۰٬۰۰۰ | G32: 850000 | H32: طرف حساب؟ | I32: شرکت گاز
A33: R032 | B33: بدهی و طلب باز | C33: آقای کاظمی ۱۲ میلیون نسیه از ما جنس برد. | D33: ثبت خودکار یا تأیید ساده | E33: حساب دریافتنی — آقای کاظمی — ۱۲٬۰۰۰٬۰۰۰ | F33: فروش — ۱۲٬۰۰۰٬۰۰۰ | G33: 12000000 | K33: «برد» یعنی فروش نسیه؛ ورود پول ندارد
A34: R033 | B34: تسویه | C34: شرکت آریا تجارت ۲۵ میلیون بابت فاکتور فروش قبلی واریز کرد به ملت. | D34: ثبت خودکار یا تأیید ساده | E34: جاری ملت — ۲۵٬۰۰۰٬۰۰۰ | F34: حساب دریافتنی — شرکت آریا تجارت — ۲۵٬۰۰۰٬۰۰۰ | G34: 25000000 | K34: فروش دوباره ثبت نشود
A35: R034 | B35: تسویه | C35: ۱۵ میلیون از ۱۸ میلیون بدهی پخش گلستان رو از تجارت دادیم. | D35: ثبت خودکار یا تأیید ساده | E35: حساب پرداختنی — پخش گلستان — ۱۵٬۰۰۰٬۰۰۰ | F35: جاری تجارت — ۱۵٬۰۰۰٬۰۰۰ | G35: 15000000 | K35: تسویهٔ بخشی؛ ۳ میلیون بدهی باز می‌ماند؛ خرید یا هزینهٔ دوباره ممنوع
A36: R035 | B36: تسویه | C36: قبض برق مهر که اومده بود رو امروز از ملت پرداخت کردیم، ۴ میلیون. | D36: ثبت خودکار یا تأیید ساده | E36: حساب پرداختنی — اداره برق — ۴٬۰۰۰٬۰۰۰ | F36: جاری ملت — ۴٬۰۰۰٬۰۰۰ | G36: 4000000 | K36: هزینهٔ قبوض دوباره ثبت نشود
A37: R036 | B37: تسویه | C37: آقای کاظمی ۵ میلیون از بدهیش رو نقد آورد. | D37: ثبت خودکار یا تأیید ساده | E37: صندوق — ۵٬۰۰۰٬۰۰۰ | F37: حساب دریافتنی — آقای کاظمی — ۵٬۰۰۰٬۰۰۰ | G37: 5000000 | K37: وصول بخشی؛ ماندهٔ ۷ میلیون باز می‌ماند
A38: R037 | B38: تسویه | C38: ۳ میلیون آقای رضایی بابت تعمیر کولر رو از صندوق دادیم. | D38: ثبت خودکار یا تأیید ساده | E38: حساب پرداختنی — آقای رضایی — ۳٬۰۰۰٬۰۰۰ | F38: صندوق — ۳٬۰۰۰٬۰۰۰ | G38: 3000000
A39: R038 | B39: تسویه | C39: ۱۰ میلیون بدهی قبلی به آقای نوری رو تسویه کردیم از ملت. | D39: صف حسابدار ← «تحلیل کن» | E39: — هیچ سندی — | F39: — هیچ سندی — | H39: سند مبنای این بدهی کدام است؟ | I39: ماندهٔ افتتاحیه ثبت نشده؛ سند مبنا نداریم | J39: بدون سند مبنا هیچ سندی ثبت نشود و هزینهٔ حدسی ساخته نشود. فقط اگر ماندهٔ افتتاحیهٔ بدهی به آقای نوری ثبت شود: Dr حساب پرداختنی — آقای نوری / Cr جاری ملت ۱۰٬۰۰۰٬۰۰۰ | K39: تسویهٔ بدهی بی‌مانده؛ هزینه ساختن ممنوع
A40: R039 | B40: شریک و مالک | C40: شریکمون آقای سعیدی ۵۰ میلیون گذاشت تو کار و ریخت به ملت؛ گفت هر وقت لازم شد پسش میدیم. | D40: صف حسابدار ← «تحلیل کن» | E40: جاری ملت — ۵۰٬۰۰۰٬۰۰۰ | F40: جاری شریک — بدهی شرکت — آقای سعیدی — ۵۰٬۰۰۰٬۰۰۰ | G40: 50000000 | K40: «عیدی» درون «سعیدی» حقوق نیست؛ پول شریک درآمد نیست؛ «پسش میدیم» = قرض شریک به شرکت
A41: R040 | B41: شریک و مالک | C41: خانم کریمی شریکمون ۲۰ میلیون ریخت به حساب شرکت. | D41: صف حسابدار ← «تحلیل کن» | E41: جاری ملت — ۲۰٬۰۰۰٬۰۰۰ | F41: جاری شریک — بدهی شرکت — خانم کریمی — ۲۰٬۰۰۰٬۰۰۰ | G41: 20000000 | H41: این انتقال کدام است؟ (کارت گزینه‌ای) کدام بانک؟ | I41: وجه در اختیار شرکت جاری ملت | K41: ماهیت گفته نشده؛ باید با گزینه‌ها پرسیده شود
A42: R041 | B42: شریک و مالک | C42: مجمع افزایش سرمایه رو تصویب کرد و آقای سعیدی ۱۰۰ میلیون آوردهٔ سرمایه ریخت به ملت. | D42: صف حسابدار ← «تحلیل کن» | E42: جاری ملت — ۱۰۰٬۰۰۰٬۰۰۰ | F42: سرمایه مالک — ۱۰۰٬۰۰۰٬۰۰۰ | G42: 100000000 | K42: آوردهٔ مصوب سرمایه است، نه بدهی و نه درآمد
A43: R042 | B43: شریک و مالک | C43: آقای سعیدی ۸ میلیون از حساب تجارت برای خرج شخصی خودش برداشت. | D43: صف حسابدار ← «تحلیل کن» | E43: جاری شریک — طلب شرکت — آقای سعیدی — ۸٬۰۰۰٬۰۰۰ | F43: جاری تجارت — ۸٬۰۰۰٬۰۰۰ | G43: 8000000 | K43: برداشت شخصی هزینهٔ شرکت نیست
A44: R043 | B44: شریک و مالک | C44: قبض تلفن دفتر رو خانم کریمی از جیب خودش داد، ۷۰۰ هزار تومن. | D44: کارت سؤال، بعد ثبت | E44: قبوض — ۷۰۰٬۰۰۰ | F44: جاری شریک — بدهی شرکت — خانم کریمی — ۷۰۰٬۰۰۰ | G44: 700000 | K44: از حساب شرکت پولی نرفته؛ ردیف نقدی ممنوع
A45: R044 | B45: شریک و مالک | C45: ۲۰ میلیون از پولی که آقای سعیدی گذاشته بود رو بهش پس دادیم از ملت. | D45: صف حسابدار ← «تحلیل کن» | E45: جاری شریک — بدهی شرکت — آقای سعیدی — ۲۰٬۰۰۰٬۰۰۰ | F45: جاری ملت — ۲۰٬۰۰۰٬۰۰۰ | G45: 20000000 | K45: بازپرداخت بدهی به شریک؛ هزینه نیست
A46: R045 | B46: شریک و مالک | C46: آقای سعیدی ۸ میلیونی که برداشته بود رو برگردوند به تجارت. | D46: صف حسابدار ← «تحلیل کن» | E46: جاری تجارت — ۸٬۰۰۰٬۰۰۰ | F46: جاری شریک — طلب شرکت — آقای سعیدی — ۸٬۰۰۰٬۰۰۰ | G46: 8000000 | K46: برگشت برداشت؛ درآمد نیست
A47: R046 | B47: شریک و مالک | C47: شریکم ۱۰ میلیون برداشت کرد، گفت پسش میده. | D47: صف حسابدار ← «تحلیل کن» | E47: جاری شریک — طلب شرکت — آقای سعیدی — ۱۰٬۰۰۰٬۰۰۰ | F47: جاری ملت — ۱۰٬۰۰۰٬۰۰۰ | G47: 10000000 | H47: نوع انتقال (کارت گزینه‌ای) نام شریک کدام بانک؟ | I47: برداشت شخصی آقای سعیدی جاری ملت | K47: «پسش میده» (او پس می‌دهد) برعکس «پسش میدیم» است
A48: R047 | B48: شریک و مالک | C48: برادرم که شریکمه ده میلیون به حساب شرکت ریخت برای خرید مواد اولیه. | D48: صف حسابدار ← «تحلیل کن» | E48: جاری ملت — ۱۰٬۰۰۰٬۰۰۰ | F48: جاری شریک — بدهی شرکت — علی کریمی — ۱۰٬۰۰۰٬۰۰۰ | G48: 10000000 | H48: نوع انتقال نام شریک کدام بانک؟ | I48: وجه در اختیار شرکت علی کریمی جاری ملت | K48: «برای خرید مواد» یعنی هزینه یا خرید نیست؛ درآمد هم نیست
A49: R048 | B49: دارایی ثابت و تعمیر | C49: یه کلید برق ۴۵۰ هزار تومانی برای تابلوی برق دفتر خریدیم که کلید سوختهٔ قبلی رو عوض کردیم؛ نقد از صندوق. | D49: ثبت خودکار یا تأیید ساده | E49: تعمیر و نگهداری — ۴۵۰٬۰۰۰ | F49: صندوق — ۴۵۰٬۰۰۰ | G49: 450000 | K49: «سوخته» سوخت نیست؛ تعویض قطعهٔ معیوب = تعمیر
A50: R049 | B50: دارایی ثابت و تعمیر | C50: یه پرینتر لیزری ۲۵ میلیون تومانی برای دفتر از حساب ملت خریدیم | D50: صف حسابدار ← «تحلیل کن» | E50: دارایی ثابت — پرینتر لیزری — ۲۵٬۰۰۰٬۰۰۰ | F50: جاری ملت — ۲۵٬۰۰۰٬۰۰۰ | G50: 25000000 | H50: این خرید برای چیست؟ عمر مفید «پرینتر لیزری»؟ | I50: استفادهٔ بلندمدت ۵ سال | K50: بالای حد ۲۰ میلیون؛ دارایی ثابت با عمر مفید، نه هزینهٔ ماه
A51: R050 | B51: دارایی ثابت و تعمیر | C51: تابلوی برق ساختمان رو با ۲۲ میلیون تومان کامل بازسازی و ارتقا دادیم؛ نقد از صندوق. | D51: صف حسابدار ← «تحلیل کن» | E51: دارایی ثابت — بازسازی تابلوی برق — ۲۲٬۰۰۰٬۰۰۰ | F51: صندوق — ۲۲٬۰۰۰٬۰۰۰ | G51: 22000000 | H51: نام دارایی عمر مفید | I51: بازسازی تابلوی برق ساختمان ۱۰ سال | K51: ارتقای اساسی بالای حد = دارایی
A52: R051 | B52: دارایی ثابت و تعمیر | C52: لپ‌تاپ ۱۸ میلیونی برای حسابدار از تجارت خریدیم. | D52: کارت سؤال، بعد ثبت | E52: ملزومات اداری — ۱۸٬۰۰۰٬۰۰۰ | F52: جاری تجارت — ۱۸٬۰۰۰٬۰۰۰ | G52: 18000000 | H52: این خرید برای چیست؟ | I52: استفادهٔ بلندمدت | K52: ماندگار ولی زیر حد ۲۰ میلیون؛ هزینه است
A53: R052 | B53: دارایی ثابت و تعمیر | C53: ماشین شرکت تصادف کرد، صافکاری و رنگ ۹ میلیون شد، از ملت دادیم. | D53: ثبت خودکار یا تأیید ساده | E53: تعمیر و نگهداری — ۹٬۰۰۰٬۰۰۰ | F53: جاری ملت — ۹٬۰۰۰٬۰۰۰ | G53: 9000000
A54: R053 | B54: دارایی ثابت و تعمیر | C54: موتور کولر سوخت، یه موتور نو ۶ میلیونی جاش گذاشتیم، نقد. | D54: ثبت خودکار یا تأیید ساده | E54: تعمیر و نگهداری — ۶٬۰۰۰٬۰۰۰ | F54: صندوق — ۶٬۰۰۰٬۰۰۰ | G54: 6000000 | K54: فعل «سوخت» بعد از «موتور» سوخت و ایاب‌وذهاب نیست
A55: R054 | B55: پیش‌پرداخت، پیش‌دریافت، ودیعه | C55: اجارهٔ شش‌ماههٔ دفتر رو ۳۶ میلیون تومان پیش‌پرداخت کردیم از بانک ملت. | D55: صف حسابدار ← «تحلیل کن» | E55: پیش‌پرداخت اجاره — ۳۶٬۰۰۰٬۰۰۰ | F55: جاری ملت — ۳۶٬۰۰۰٬۰۰۰ | G55: 36000000 | H55: پوشش از چه تاریخی شروع می‌شود؟ | I55: اول آبان ۱۴۰۵ | K55: هزینهٔ ماهانه ۶ میلیون در شش ماه؛ کل مبلغ هزینهٔ این ماه نیست
A56: R055 | B56: پیش‌پرداخت، پیش‌دریافت، ودیعه | C56: بیمهٔ آتش‌سوزی انبار یک‌ساله ۱۲ میلیون از ملت. | D56: صف حسابدار ← «تحلیل کن» | E56: پیش‌پرداخت بیمه — ۱۲٬۰۰۰٬۰۰۰ | F56: جاری ملت — ۱۲٬۰۰۰٬۰۰۰ | G56: 12000000 | H56: شروع پوشش؟ | I56: اول آبان ۱۴۰۵ | K56: «انبار» مفعول بیمه است، نه خرید کالا
A57: R056 | B57: پیش‌پرداخت، پیش‌دریافت، ودیعه | C57: بیمهٔ حوادث کارگران کارگاه یک‌ساله ۱۲ میلیون تومان از بانک ملت پرداخت شد. | D57: صف حسابدار ← «تحلیل کن» | E57: پیش‌پرداخت بیمه — ۱۲٬۰۰۰٬۰۰۰ | F57: جاری ملت — ۱۲٬۰۰۰٬۰۰۰ | G57: 12000000 | H57: شروع پوشش؟ | I57: اول آبان ۱۴۰۵ | K57: حق بیمهٔ بیمه‌نامه حقوق نیست؛ سؤال تکراری با واژه‌های دیگر نباید دو بار بیاید
A58: R057 | B58: پیش‌پرداخت، پیش‌دریافت، ودیعه | C58: مشتری ۱۵ میلیون پیش‌پرداخت داد برای پروژه‌ای که ماه بعد شروع می‌کنیم، ریخت به ملت. | D58: صف حسابدار ← «تحلیل کن» | E58: جاری ملت — ۱۵٬۰۰۰٬۰۰۰ | F58: پیش‌دریافت مشتری — شرکت آریا تجارت — ۱۵٬۰۰۰٬۰۰۰ | G58: 15000000 | H58: نام مشتری؟ | I58: شرکت آریا تجارت | K58: پیش از انجام کار درآمد نیست
A59: R058 | B59: پیش‌پرداخت، پیش‌دریافت، ودیعه | C59: ۵۰ میلیون ودیعهٔ اجارهٔ انبار جدید رو به موجر دادیم از ملت؛ موقع تخلیه پس می‌ده. | D59: صف حسابدار ← «تحلیل کن» | E59: ودیعه قابل استرداد — آقای اسدی — ۵۰٬۰۰۰٬۰۰۰ | F59: جاری ملت — ۵۰٬۰۰۰٬۰۰۰ | G59: 50000000 | H59: نام موجر؟ | I59: آقای اسدی | K59: ودیعه هزینه نیست؛ «پس می‌ده» آینده است، برگشت وجه نیست
A60: R059 | B60: پیش‌پرداخت، پیش‌دریافت، ودیعه | C60: آقای اسدی ۵۰ میلیون ودیعهٔ انبار رو پس داد چون قرارداد فسخ شد، ریخت به ملت. | D60: صف حسابدار ← «تحلیل کن» | E60: جاری ملت — ۵۰٬۰۰۰٬۰۰۰ | F60: ودیعه قابل استرداد — آقای اسدی — ۵۰٬۰۰۰٬۰۰۰ | G60: 50000000 | K60: برگشت ودیعه درآمد نیست
A61: R060 | B61: پیش‌پرداخت، پیش‌دریافت، ودیعه | C61: پروژهٔ شرکت آریا تجارت که پیش‌پرداختش رو گرفته بودیم تموم شد و تحویل دادیم. | D61: صف حسابدار ← «تحلیل کن» | E61: پیش‌دریافت مشتری — شرکت آریا تجارت — ۱۵٬۰۰۰٬۰۰۰ | F61: خدمات — ۱۵٬۰۰۰٬۰۰۰ | G61: 15000000 | K61: شناسایی درآمد بدون جابه‌جایی پول؛ ردیف نقدی ممنوع
A62: R061 | B62: پیش‌پرداخت، پیش‌دریافت، ودیعه | C62: بیمهٔ انبار رو فسخ کردیم، ۶ میلیون پس دادن به ملت. | D62: صف حسابدار ← «تحلیل کن» | E62: جاری ملت — ۶٬۰۰۰٬۰۰۰ | F62: پیش‌پرداخت بیمه — ۶٬۰۰۰٬۰۰۰ | G62: 6000000 | K62: برگشت حق بیمه پیش‌پرداخت را کم می‌کند؛ درآمد نیست و پرداخت تازه هم نیست
A63: R062 | B63: حقوق و کارکنان | C63: حقوق مهر کارمندها ۳۰ میلیون تومان خالص بود و از بانک ملت واریز شد. | D63: صف حسابدار ← «تحلیل کن» | E63: حقوق و دستمزد — ۳۰٬۰۰۰٬۰۰۰ | F63: جاری ملت — ۳۰٬۰۰۰٬۰۰۰ | G63: 30000000 | H63: کسور بیمه و مالیات چقدر بود؟ | I63: کسوری نداشت | K63: «خالص» گفته شده؛ پرسیدن دوبارهٔ «خالص یا ناخالص؟» غلط است
A64: R063 | B64: حقوق و کارکنان | C64: حقوق ناخالص مهر ۵۰ میلیون بود؛ ۷ میلیون بیمه و ۳ میلیون مالیات کسر شد و ۴۰ میلیون از ملت واریز کردیم. | D64: امتناع درست — شکاف شناخته‌شدهٔ سیستم | E64: حقوق و دستمزد — ۵۰٬۰۰۰٬۰۰۰ | F64: جاری ملت — ۴۰٬۰۰۰٬۰۰۰ بیمهٔ پرداختنی (تأمین اجتماعی) — ۷٬۰۰۰٬۰۰۰ مالیات حقوق پرداختنی — ۳٬۰۰۰٬۰۰۰ | G64: 50000000 | J64: ثبت درست همین چهار سطر است. سیستم فعلی پرداخت نقدیِ چندسطری را از «تحلیل کن» ثبت نمی‌کند؛ رفتار درست: پیام صریح «هنوز پشتیبانی نمی‌شود» یا هدایت به صفحهٔ حقوق، نه ثبت ناقص. | K64: سند نقدی چندسطری
A65: R064 | B65: حقوق و کارکنان | C65: ده میلیون حقوق دادم به کارمندا از ملت. | D65: صف حسابدار ← «تحلیل کن» | E65: حقوق و دستمزد — ۱۰٬۰۰۰٬۰۰۰ | F65: جاری ملت — ۱۰٬۰۰۰٬۰۰۰ | G65: 10000000 | H65: خالص یا ناخالص؟ کسور؟ | I65: خالص پرداختی است؛ کسوری نداشت
A66: R065 | B66: حقوق و کارکنان | C66: ۵ میلیون مساعده به رضا احمدی دادیم از صندوق، از حقوق ماه بعدش کم می‌کنیم. | D66: صف حسابدار ← «تحلیل کن» | E66: مساعده و طلب از کارکنان — رضا احمدی — ۵٬۰۰۰٬۰۰۰ | F66: صندوق — ۵٬۰۰۰٬۰۰۰ | G66: 5000000 | K66: مساعده هزینهٔ حقوق نیست
A67: R066 | B67: حقوق و کارکنان | C67: عیدی پرسنل ۲۰ میلیون از تجارت دادیم. | D67: صف حسابدار ← «تحلیل کن» | E67: حقوق و دستمزد — ۲۰٬۰۰۰٬۰۰۰ | F67: جاری تجارت — ۲۰٬۰۰۰٬۰۰۰ | G67: 20000000 | H67: خالص یا ناخالص؟ | I67: خالص؛ کسوری نداشت | K67: «عیدی» این‌جا واقعاً حقوق است (نمونهٔ منفی برای «سعیدی»)
A68: R067 | B68: حقوق و کارکنان | C68: لیست بیمهٔ تأمین اجتماعی مهر رو ۹ میلیون از ملت پرداخت کردیم. | D68: صف حسابدار ← «تحلیل کن» | E68: — هیچ سندی — | F68: — هیچ سندی — | H68: بدهی بیمه قبلاً ثبت شده؟ سهم کارفرما و کارکنان چقدر است؟ | I68: بدهی بیمه ثبت نشده | J68: پرداخت لیست بیمه بدهی ثبت‌شده را می‌بندد؛ بی‌سند مبنا هزینهٔ حدسی ثبت نشود. با بدهی ثبت‌شده: Dr بیمهٔ پرداختنی (تأمین اجتماعی) / Cr جاری ملت ۹٬۰۰۰٬۰۰۰ | K68: پرداخت بدهی بی‌مانده
A69: R068 | B69: ارزش افزوده | C69: فاکتور خرید از شرکت پخش گلستان زدیم ۴۰ میلیون تومان به‌علاوهٔ ۱۰ درصد ارزش افزوده، پولش هنوز ندادیم. | D69: کارت سؤال، بعد ثبت | E69: مواد و کالا — ۴۰٬۰۰۰٬۰۰۰ اعتبار ارزش افزوده — ۴٬۰۰۰٬۰۰۰ | F69: حساب پرداختنی — پخش گلستان — ۴۴٬۰۰۰٬۰۰۰ | G69: 44000000 | H69: این خرید برای چیست؟ جمع فاکتور با ارزش افزوده چقدر است؟ | I69: فروش مجدد ۴۴ میلیون تومان | K69: پرداخت‌نشده؛ نباید پرسیده شود «پولی که جابه‌جا شد چقدر بود»
A70: R069 | B70: ارزش افزوده | C70: ۱۱ میلیون با ارزش افزوده لوازم اداری خریدیم از ملت. | D70: ثبت خودکار یا تأیید ساده | E70: ملزومات اداری — ۱۰٬۰۰۰٬۰۰۰ اعتبار ارزش افزوده — ۱٬۰۰۰٬۰۰۰ | F70: جاری ملت — ۱۱٬۰۰۰٬۰۰۰ | G70: 11000000 | K70: مبلغ شامل ارزش افزوده؛ تفکیک ۱۰ و ۱
A71: R070 | B71: ارزش افزوده | C71: ۵۵ میلیون فروش با ارزش افزوده داشتیم، پولش اومد به ملت. | D71: ثبت خودکار یا تأیید ساده | E71: جاری ملت — ۵۵٬۰۰۰٬۰۰۰ | F71: فروش — ۵۰٬۰۰۰٬۰۰۰ مالیات ارزش افزوده پرداختنی — ۵٬۰۰۰٬۰۰۰ | G71: 55000000 | K71: ارزش افزوده درآمد نیست
A72: R071 | B72: ارزش افزوده | C72: ۵ میلیون ارزش افزودهٔ فصل رو به سازمان مالیاتی پرداخت کردیم از ملت. | D72: ثبت خودکار یا تأیید ساده | E72: مالیات ارزش افزوده پرداختنی — ۵٬۰۰۰٬۰۰۰ | F72: جاری ملت — ۵٬۰۰۰٬۰۰۰ | G72: 5000000 | J72: این پرداخت فقط بدهی ارزش افزودهٔ فروش را کم می‌کند؛ تهاتر اعتبار خرید (R068 و R069) با بدهی فروش کار بستن دوره است، نه این سند. | K72: بستن بدهی مالیات؛ هزینه نیست
A73: R072 | B73: ارزش افزوده | C73: فروش ۳۰ میلیون، ارزش افزوده هم داره، نقد گرفتیم. | D73: کارت سؤال، بعد ثبت | E73: صندوق — ۳۳٬۰۰۰٬۰۰۰ | F73: فروش — ۳۰٬۰۰۰٬۰۰۰ مالیات ارزش افزوده پرداختنی — ۳٬۰۰۰٬۰۰۰ | G73: 33000000 | H73: ارزش افزوده داخل مبلغ است یا جدا؟ | I73: جدا؛ جمعاً ۳۳ میلیون نقد گرفتیم | K73: ابهام داخل یا جدا؛ حدس ممنوع
A74: R073 | B74: ارزش افزوده | C74: اظهارنامهٔ ارزش افزوده رو فرستادیم، ۸ میلیون بدهی شد که هنوز پرداخت نکردیم. | D74: صف حسابدار ← «تحلیل کن» | E74: — هیچ سندی — | F74: — هیچ سندی — | J74: پولی نرفته؛ هیچ پرداختی ثبت نشود. ثبت بدهی اظهارنامه کار حسابدار است. | K74: بستن بدهی با پولی که نرفته، ماندهٔ بانک را غلط می‌کند
A75: R074 | B75: چک | C75: ۲۰ میلیون جنس به شرکت آریا تجارت فروختیم و یه چک به سررسید ۱۵ آذر گرفتیم. | D75: صف حسابدار ← «تحلیل کن» | E75: اسناد دریافتنی — شرکت آریا تجارت — ۲۰٬۰۰۰٬۰۰۰ | F75: فروش — ۲۰٬۰۰۰٬۰۰۰ | G75: 20000000 | K75: چک دریافتی ورود پول به بانک نیست
A76: R075 | B76: چک | C76: یه چک ۱۵ میلیونی به سررسید ۱ دی بابت خرید جنس به پخش گلستان دادیم. | D76: صف حسابدار ← «تحلیل کن» | E76: مواد و کالا — ۱۵٬۰۰۰٬۰۰۰ | F76: اسناد پرداختنی — پخش گلستان — ۱۵٬۰۰۰٬۰۰۰ | G76: 15000000 | H76: (اگر پرسید) هدف خرید | I76: فروش مجدد | K76: چک پرداختی خروج پول از بانک نیست
A77: R076 | B77: چک | C77: یه چک ۸ میلیونی به تعمیرکار دادیم. | D77: صف حسابدار ← «تحلیل کن» | E77: تعمیر و نگهداری — ۸٬۰۰۰٬۰۰۰ | F77: اسناد پرداختنی — آقای رضایی — ۸٬۰۰۰٬۰۰۰ | G77: 8000000 | H77: تاریخ سررسید؟ نام طرف حساب؟ | I77: ۳۰ آبان ۱۴۰۵ آقای رضایی | K77: بی سررسید، چک ثبت نمی‌شود
A78: R077 | B78: چک | C78: چک ۲۰ میلیونی آریا تجارت برگشت خورد. | D78: امتناع درست — شکاف شناخته‌شدهٔ سیستم | E78: حساب دریافتنی — شرکت آریا تجارت — ۲۰٬۰۰۰٬۰۰۰ | F78: اسناد دریافتنی — شرکت آریا تجارت — ۲۰٬۰۰۰٬۰۰۰ | G78: 20000000 | J78: ثبت درست همین است، ولی از «دفتر چک» و با ارجاع به همان چک؛ «تحلیل کن» باید به دفتر چک ارجاع دهد، نه سند مستقل بسازد. | K78: برگشت چک عودت وجه نیست
A79: R078 | B79: وام | C79: ۲۰۰ میلیون وام از بانک ملت گرفتیم، ریخت به حساب ملت. | D79: صف حسابدار ← «تحلیل کن» | E79: جاری ملت — ۲۰۰٬۰۰۰٬۰۰۰ | F79: اصل وام پرداختنی — بانک ملت — ۲۰۰٬۰۰۰٬۰۰۰ | G79: 200000000 | K79: وام درآمد نیست
A80: R079 | B80: وام | C80: قسط وام بانک ملت ۱۲ میلیون تومان پرداخت شد که ۹ میلیونش اصل و ۳ میلیونش سود بود. | D80: امتناع درست — شکاف شناخته‌شدهٔ سیستم | E80: اصل وام پرداختنی — بانک ملت — ۹٬۰۰۰٬۰۰۰ هزینهٔ سود تسهیلات — ۳٬۰۰۰٬۰۰۰ | F80: جاری ملت — ۱۲٬۰۰۰٬۰۰۰ | G80: 12000000 | J80: ثبت درست همین سه سطر است. سیستم فعلی نقدِ چندسطری را از «تحلیل کن» ثبت نمی‌کند و باید صریح بگوید «هنوز پشتیبانی نمی‌شود» با راه جایگزین (دو ثبت جدا). | K80: اصل و سود در یک پرداخت
A81: R080 | B81: وام | C81: ۹ میلیون اصل وام ملت رو پرداخت کردیم. | D81: صف حسابدار ← «تحلیل کن» | E81: اصل وام پرداختنی — بانک ملت — ۹٬۰۰۰٬۰۰۰ | F81: جاری ملت — ۹٬۰۰۰٬۰۰۰ | G81: 9000000 | K81: اصل وام هزینه نیست
A82: R081 | B82: برگشت | C82: مشتری ۴ میلیون تومان از کالای نقدی که دیروز خریده بود رو برگروند و پولش رو از صندوق پس دادیم. | D82: امتناع درست — شکاف شناخته‌شدهٔ سیستم | E82: فروش (برگشت از فروش) — ۴٬۰۰۰٬۰۰۰ | F82: صندوق — ۴٬۰۰۰٬۰۰۰ | G82: 4000000 | J82: ثبت درست کاهش فروش است (و برگشت کالا به انبار به بهای تمام‌شده، اگر معلوم باشد). سیستم فعلی برگشت کالا را از «تحلیل کن» ثبت نمی‌کند و باید جلوی سند «موجودی کالا به قیمت فروش» را بگیرد. | K82: «برگروند» با غلط تایپی؛ برگرداندن کالا به انبار به قیمت فروش غلط است
A83: R082 | B83: برگشت | C83: ۵ میلیون تومان از پول اجناسی که هفتهٔ پیش نقد از بازار خریده بودیم پس داده شد و رفت تو صندوق. | D83: امتناع درست — شکاف شناخته‌شدهٔ سیستم | E83: صندوق — ۵٬۰۰۰٬۰۰۰ | F83: مواد و کالا (برگشت از خرید) — ۵٬۰۰۰٬۰۰۰ | G83: 5000000 | J83: ثبت درست همین است. سیستم فعلی باید بگوید برگشت کالا هنوز ثبت نمی‌شود، نه «جهت نقد ناسازگار است». | K83: ورود پول بابت برگشت خرید، درآمد نیست
A84: R083 | B84: برگشت | C84: ۳ میلیون باقی‌ماندهٔ جنس‌های پخش گلستان خراب بود، برگردوندیم؛ از بدهیمون کم کردن. | D84: صف حسابدار ← «تحلیل کن» | E84: حساب پرداختنی — پخش گلستان — ۳٬۰۰۰٬۰۰۰ | F84: مواد و کالا (برگشت از خرید) — ۳٬۰۰۰٬۰۰۰ | G84: 3000000 | J84: بدون ردیف نقدی. اگر سیستم این شکل را هم پشتیبانی نکند، پیام «هنوز پشتیبانی نمی‌شود» رفتار درست است. | K84: برگشت از خرید نسیه؛ پولی جابه‌جا نشده
A85: R084 | B85: برگشت | C85: پخش گلستان ۲ میلیون اضافه‌ای که پارسال بهشون داده بودیم رو پس داد، به ملت. | D85: صف حسابدار ← «تحلیل کن» | E85: — هیچ سندی — | F85: — هیچ سندی — | J85: بدون ماندهٔ مستندِ پیش‌پرداخت به تأمین‌کننده هیچ سندی ثبت نشود و درآمد ساخته نشود. با مانده: Dr جاری ملت / Cr پیش‌پرداخت به تأمین‌کننده — پخش گلستان ۲٬۰۰۰٬۰۰۰ | K85: برگشت پول بی‌سند مبنا
A86: R085 | B86: برگشت | C86: مشتری ۳ میلیون بیعانه برای سفارش داده بود و امروز چون منصرف شد بهش پس دادیم از صندوق. | D86: صف حسابدار ← «تحلیل کن» | E86: — هیچ سندی — | F86: — هیچ سندی — | J86: بیعانه‌ای ثبت نشده؛ عودت پیش‌دریافت بدون ماندهٔ مستند ثبت نشود و هزینه هم ساخته نشود. | K86: عودت پیش‌دریافتِ ثبت‌نشده
A87: R086 | B87: انتقال داخلی و تنخواه | C87: ۲۰ میلیون از حساب ملت برداشت کردیم گذاشتیم تو صندوق. | D87: ثبت خودکار یا تأیید ساده | E87: صندوق — ۲۰٬۰۰۰٬۰۰۰ | F87: جاری ملت — ۲۰٬۰۰۰٬۰۰۰ | G87: 20000000 | K87: انتقال داخلی نه درآمد است نه هزینه
A88: R087 | B88: انتقال داخلی و تنخواه | C88: ۵۰ میلیون از ملت به حساب تجارت منتقل کردیم. | D88: ثبت خودکار یا تأیید ساده | E88: جاری تجارت — ۵۰٬۰۰۰٬۰۰۰ | F88: جاری ملت — ۵۰٬۰۰۰٬۰۰۰ | G88: 50000000
A89: R088 | B89: انتقال داخلی و تنخواه | C89: تنخواه رضا احمدی رو ۱۰ میلیون از ملت شارژ کردیم. | D89: ثبت خودکار یا تأیید ساده | E89: تنخواه رضا احمدی — ۱۰٬۰۰۰٬۰۰۰ | F89: جاری ملت — ۱۰٬۰۰۰٬۰۰۰ | G89: 10000000 | K89: شارژ تنخواه هزینه نیست
A90: R089 | B90: ابهام و چندمبلغی | C90: یه واریزی ۷ میلیونی اومده به حساب تجارت، نمی‌دونم از کیه. | D90: صف حسابدار ← «تحلیل کن» | E90: جاری تجارت — ۷٬۰۰۰٬۰۰۰ | F90: وجوه دریافتی تعیین‌تکلیف‌نشده — ۷٬۰۰۰٬۰۰۰ | G90: 7000000 | K90: واریز ناشناس درآمد نیست
A91: R090 | B91: ابهام و چندمبلغی | C91: پنج میلیون جابه‌جا شد. | D91: صف حسابدار ← «تحلیل کن» | E91: — هیچ سندی — | F91: — هیچ سندی — | J91: جهت، حساب و بابت معلوم نیست؛ هیچ سندی تا روشن شدن ثبت نشود. | K91: حدس جهت پول ممنوع
A92: R091 | B92: ابهام و چندمبلغی | C92: یه چیزی خریدیم برای دفتر، مبلغش یادم نیست. | D92: صف حسابدار ← «تحلیل کن» | E92: — هیچ سندی — | F92: — هیچ سندی — | J92: مبلغ نامشخص؛ فقط پیگیری حسابدار، بدون سند. | K92: گفتهٔ بی‌مبلغ
A93: R092 | B93: ابهام و چندمبلغی | C93: امروز سه تا خرج داشتیم: ۴۰۰ هزار تاکسی، ۲ میلیون ناهار جلسه و ۸۰۰ هزار کاغذ؛ همه از صندوق. | D93: ثبت خودکار یا تأیید ساده | E93: حمل‌ونقل — ۴۰۰٬۰۰۰ خوراک — ۲٬۰۰۰٬۰۰۰ ملزومات اداری — ۸۰۰٬۰۰۰ | F93: صندوق — ۳٬۲۰۰٬۰۰۰ | G93: 3200000 | J93: سه ثبت جدا (هر کدام از صندوق) هم درست است. | K93: یک ردیف ۳٫۲ میلیونی با یک دسته غلط است
A94: R093 | B94: ابهام و چندمبلغی | C94: اجاره ۱۵ میلیون بود ولی نه ببخشید ۱۲ میلیون، دادیم از ملت. | D94: ثبت خودکار یا تأیید ساده | E94: اجاره — ۱۲٬۰۰۰٬۰۰۰ | F94: جاری ملت — ۱۲٬۰۰۰٬۰۰۰ | G94: 12000000 | K94: مبلغ پس‌گرفته‌شده (۱۵) نباید ثبت شود
A95: R094 | B95: ابهام و چندمبلغی | C95: کل خرید امروز ۱۰ میلیون شد که ۶ میلیونش جنس بود و ۴ میلیونش کرایهٔ حمل، از ملت. | D95: صف حسابدار ← «تحلیل کن» | E95: مواد و کالا — ۶٬۰۰۰٬۰۰۰ حمل‌ونقل — ۴٬۰۰۰٬۰۰۰ | F95: جاری ملت — ۱۰٬۰۰۰٬۰۰۰ | G95: 10000000 | K95: جمع و اجزا؛ ۲۰ میلیون (جمع + اجزا) ثبت نشود
A96: R095 | B96: نباید ثبت شود | C96: فردا قراره ۱۰ میلیون اجاره بدیم. | D96: نباید هیچ سندی ثبت شود | E96: — هیچ سندی — | F96: — هیچ سندی — | J96: رویداد آینده؛ نهایتاً یادآور، نه سند. | K96: فعل آینده
A97: R096 | B97: نباید ثبت شود | C97: یه پیش‌فاکتور ۳۰ میلیونی برای مشتری فرستادیم. | D97: نباید هیچ سندی ثبت شود | E97: — هیچ سندی — | F97: — هیچ سندی — | J97: پیش‌فاکتور تعهد یا فروش نیست. | K97: پیش‌فاکتور
A98: R097 | B98: نباید ثبت شود | C98: ماه پیش کلاً حدود ۲۰ میلیون خرج داشتیم. | D98: نباید هیچ سندی ثبت شود | E98: — هیچ سندی — | F98: — هیچ سندی — | J98: گزارش کلی گذشته، نه رویداد تازه. | K98: جمع‌بندی، نه تراکنش
A99: R098 | B99: نباید ثبت شود | C99: سفارش آقای کاظمی رو فردا تحویلش میدیم. | D99: نباید هیچ سندی ثبت شود | E99: — هیچ سندی — | F99: — هیچ سندی — | J99: تحویل کالا در آینده؛ پولی در کار نیست. | K99: «تحویلش میدیم» پرداخت نیست
A100: R099 | B100: نباید ثبت شود | C100: اگه مشتری تا آخر هفته پول بده، ۲ میلیون تخفیف می‌دیم. | D100: نباید هیچ سندی ثبت شود | E100: — هیچ سندی — | F100: — هیچ سندی — | J100: شرط تحقق‌نیافته؛ نه تخفیف ثبت شود نه دریافت. | K100: جملهٔ شرطی
...

Sheet امتیاز
A1: شاخص | B1: مقدار
A2: کل سناریوها | B2: =COUNTA('تست کور'!$A$2:$A$101)
A3: تست‌شده | B3: =COUNTA('تست کور'!$H$2:$H$101)
A4: درست | B4: =COUNTIF('تست کور'!$H$2:$H$101,"درست")
A5: درست با سؤال‌های درست | B5: =COUNTIF('تست کور'!$H$2:$H$101,"درست با سؤال‌های درست")
A6: امتناع درست | B6: =COUNTIF('تست کور'!$H$2:$H$101,"امتناع درست")
A7: غلط | B7: =COUNTIF('تست کور'!$H$2:$H$101,"غلط")
A8: ثبت اشتباه با اطمینان (آستانه: صفر) | B8: =COUNTIF('تست کور'!$I$2:$I$101,"بله")
A9: نرخ قبولی از تست‌شده‌ها | B9: =IF(B3=0,0,(B4+B5+B6)/B3)
A12: گروه | B12: تعداد | C12: تست‌شده | D12: قبول (درست، با سؤال، امتناع درست) | E12: غلط | F12: ثبت اشتباه با اطمینان | G12: نرخ قبولی
A13: روزانه | B13: =COUNTIF('تست کور'!$B$2:$B$101,A13) | C13: =COUNTIFS('تست کور'!$B$2:$B$101,A13,'تست کور'!$H$2:$H$101,"<>") | D13: =COUNTIFS('تست کور'!$B$2:$B$101,A13,'تست کور'!$H$2:$H$101,"درست")+COUNTIFS('تست کور'!$B$2:$B$101,A13,'تست کور'!$H$2:$H$101,"درست با سؤال‌های درست")+COUNTIFS('تست کور'!$B$2:$B$101,A13,'تست کور'!$H$2:$H$101,"امتناع درست") | E13: =COUNTIFS('تست کور'!$B$2:$B$101,A13,'تست کور'!$H$2:$H$101,"غلط") | F13: =COUNTIFS('تست کور'!$B$2:$B$101,A13,'تست کور'!$I$2:$I$101,"بله") | G13: =IF(C13=0,0,D13/C13)
A14: گفتار و تایپ | B14: =COUNTIF('تست کور'!$B$2:$B$101,A14) | C14: =COUNTIFS('تست کور'!$B$2:$B$101,A14,'تست کور'!$H$2:$H$101,"<>") | D14: =COUNTIFS('تست کور'!$B$2:$B$101,A14,'تست کور'!$H$2:$H$101,"درست")+COUNTIFS('تست کور'!$B$2:$B$101,A14,'تست کور'!$H$2:$H$101,"درست با سؤال‌های درست")+COUNTIFS('تست کور'!$B$2:$B$101,A14,'تست کور'!$H$2:$H$101,"امتناع درست") | E14: =COUNTIFS('تست کور'!$B$2:$B$101,A14,'تست کور'!$H$2:$H$101,"غلط") | F14: =COUNTIFS('تست کور'!$B$2:$B$101,A14,'تست کور'!$I$2:$I$101,"بله") | G14: =IF(C14=0,0,D14/C14)
A15: بدهی و طلب باز | B15: =COUNTIF('تست کور'!$B$2:$B$101,A15) | C15: =COUNTIFS('تست کور'!$B$2:$B$101,A15,'تست کور'!$H$2:$H$101,"<>") | D15: =COUNTIFS('تست کور'!$B$2:$B$101,A15,'تست کور'!$H$2:$H$101,"درست")+COUNTIFS('تست کور'!$B$2:$B$101,A15,'تست کور'!$H$2:$H$101,"درست با سؤال‌های درست")+COUNTIFS('تست کور'!$B$2:$B$101,A15,'تست کور'!$H$2:$H$101,"امتناع درست") | E15: =COUNTIFS('تست کور'!$B$2:$B$101,A15,'تست کور'!$H$2:$H$101,"غلط") | F15: =COUNTIFS('تست کور'!$B$2:$B$101,A15,'تست کور'!$I$2:$I$101,"بله") | G15: =IF(C15=0,0,D15/C15)
A16: تسویه | B16: =COUNTIF('تست کور'!$B$2:$B$101,A16) | C16: =COUNTIFS('تست کور'!$B$2:$B$101,A16,'تست کور'!$H$2:$H$101,"<>") | D16: =COUNTIFS('تست کور'!$B$2:$B$101,A16,'تست کور'!$H$2:$H$101,"درست")+COUNTIFS('تست کور'!$B$2:$B$101,A16,'تست کور'!$H$2:$H$101,"درست با سؤال‌های درست")+COUNTIFS('تست کور'!$B$2:$B$101,A16,'تست کور'!$H$2:$H$101,"امتناع درست") | E16: =COUNTIFS('تست کور'!$B$2:$B$101,A16,'تست کور'!$H$2:$H$101,"غلط") | F16: =COUNTIFS('تست کور'!$B$2:$B$101,A16,'تست کور'!$I$2:$I$101,"بله") | G16: =IF(C16=0,0,D16/C16)
A17: شریک و مالک | B17: =COUNTIF('تست کور'!$B$2:$B$101,A17) | C17: =COUNTIFS('تست کور'!$B$2:$B$101,A17,'تست کور'!$H$2:$H$101,"<>") | D17: =COUNTIFS('تست کور'!$B$2:$B$101,A17,'تست کور'!$H$2:$H$101,"درست")+COUNTIFS('تست کور'!$B$2:$B$101,A17,'تست کور'!$H$2:$H$101,"درست با سؤال‌های درست")+COUNTIFS('تست کور'!$B$2:$B$101,A17,'تست کور'!$H$2:$H$101,"امتناع درست") | E17: =COUNTIFS('تست کور'!$B$2:$B$101,A17,'تست کور'!$H$2:$H$101,"غلط") | F17: =COUNTIFS('تست کور'!$B$2:$B$101,A17,'تست کور'!$I$2:$I$101,"بله") | G17: =IF(C17=0,0,D17/C17)
A18: دارایی ثابت و تعمیر | B18: =COUNTIF('تست کور'!$B$2:$B$101,A18) | C18: =COUNTIFS('تست کور'!$B$2:$B$101,A18,'تست کور'!$H$2:$H$101,"<>") | D18: =COUNTIFS('تست کور'!$B$2:$B$101,A18,'تست کور'!$H$2:$H$101,"درست")+COUNTIFS('تست کور'!$B$2:$B$101,A18,'تست کور'!$H$2:$H$101,"درست با سؤال‌های درست")+COUNTIFS('تست کور'!$B$2:$B$101,A18,'تست کور'!$H$2:$H$101,"امتناع درست") | E18: =COUNTIFS('تست کور'!$B$2:$B$101,A18,'تست کور'!$H$2:$H$101,"غلط") | F18: =COUNTIFS('تست کور'!$B$2:$B$101,A18,'تست کور'!$I$2:$I$101,"بله") | G18: =IF(C18=0,0,D18/C18)
A19: پیش‌پرداخت، پیش‌دریافت، ودیعه | B19: =COUNTIF('تست کور'!$B$2:$B$101,A19) | C19: =COUNTIFS('تست کور'!$B$2:$B$101,A19,'تست کور'!$H$2:$H$101,"<>") | D19: =COUNTIFS('تست کور'!$B$2:$B$101,A19,'تست کور'!$H$2:$H$101,"درست")+COUNTIFS('تست کور'!$B$2:$B$101,A19,'تست کور'!$H$2:$H$101,"درست با سؤال‌های درست")+COUNTIFS('تست کور'!$B$2:$B$101,A19,'تست کور'!$H$2:$H$101,"امتناع درست") | E19: =COUNTIFS('تست کور'!$B$2:$B$101,A19,'تست کور'!$H$2:$H$101,"غلط") | F19: =COUNTIFS('تست کور'!$B$2:$B$101,A19,'تست کور'!$I$2:$I$101,"بله") | G19: =IF(C19=0,0,D19/C19)
A20: حقوق و کارکنان | B20: =COUNTIF('تست کور'!$B$2:$B$101,A20) | C20: =COUNTIFS('تست کور'!$B$2:$B$101,A20,'تست کور'!$H$2:$H$101,"<>") | D20: =COUNTIFS('تست کور'!$B$2:$B$101,A20,'تست کور'!$H$2:$H$101,"درست")+COUNTIFS('تست کور'!$B$2:$B$101,A20,'تست کور'!$H$2:$H$101,"درست با سؤال‌های درست")+COUNTIFS('تست کور'!$B$2:$B$101,A20,'تست کور'!$H$2:$H$101,"امتناع درست") | E20: =COUNTIFS('تست کور'!$B$2:$B$101,A20,'تست کور'!$H$2:$H$101,"غلط") | F20: =COUNTIFS('تست کور'!$B$2:$B$101,A20,'تست کور'!$I$2:$I$101,"بله") | G20: =IF(C20=0,0,D20/C20)
A21: ارزش افزوده | B21: =COUNTIF('تست کور'!$B$2:$B$101,A21) | C21: =COUNTIFS('تست کور'!$B$2:$B$101,A21,'تست کور'!$H$2:$H$101,"<>") | D21: =COUNTIFS('تست کور'!$B$2:$B$101,A21,'تست کور'!$H$2:$H$101,"درست")+COUNTIFS('تست کور'!$B$2:$B$101,A21,'تست کور'!$H$2:$H$101,"درست با سؤال‌های درست")+COUNTIFS('تست کور'!$B$2:$B$101,A21,'تست کور'!$H$2:$H$101,"امتناع درست") | E21: =COUNTIFS('تست کور'!$B$2:$B$101,A21,'تست کور'!$H$2:$H$101,"غلط") | F21: =COUNTIFS('تست کور'!$B$2:$B$101,A21,'تست کور'!$I$2:$I$101,"بله") | G21: =IF(C21=0,0,D21/C21)
A22: چک | B22: =COUNTIF('تست کور'!$B$2:$B$101,A22) | C22: =COUNTIFS('تست کور'!$B$2:$B$101,A22,'تست کور'!$H$2:$H$101,"<>") | D22: =COUNTIFS('تست کور'!$B$2:$B$101,A22,'تست کور'!$H$2:$H$101,"درست")+COUNTIFS('تست کور'!$B$2:$B$101,A22,'تست کور'!$H$2:$H$101,"درست با سؤال‌های درست")+COUNTIFS('تست کور'!$B$2:$B$101,A22,'تست کور'!$H$2:$H$101,"امتناع درست") | E22: =COUNTIFS('تست کور'!$B$2:$B$101,A22,'تست کور'!$H$2:$H$101,"غلط") | F22: =COUNTIFS('تست کور'!$B$2:$B$101,A22,'تست کور'!$I$2:$I$101,"بله") | G22: =IF(C22=0,0,D22/C22)
A23: وام | B23: =COUNTIF('تست کور'!$B$2:$B$101,A23) | C23: =COUNTIFS('تست کور'!$B$2:$B$101,A23,'تست کور'!$H$2:$H$101,"<>") | D23: =COUNTIFS('تست کور'!$B$2:$B$101,A23,'تست کور'!$H$2:$H$101,"درست")+COUNTIFS('تست کور'!$B$2:$B$101,A23,'تست کور'!$H$2:$H$101,"درست با سؤال‌های درست")+COUNTIFS('تست کور'!$B$2:$B$101,A23,'تست کور'!$H$2:$H$101,"امتناع درست") | E23: =COUNTIFS('تست کور'!$B$2:$B$101,A23,'تست کور'!$H$2:$H$101,"غلط") | F23: =COUNTIFS('تست کور'!$B$2:$B$101,A23,'تست کور'!$I$2:$I$101,"بله") | G23: =IF(C23=0,0,D23/C23)
A24: برگشت | B24: =COUNTIF('تست کور'!$B$2:$B$101,A24) | C24: =COUNTIFS('تست کور'!$B$2:$B$101,A24,'تست کور'!$H$2:$H$101,"<>") | D24: =COUNTIFS('تست کور'!$B$2:$B$101,A24,'تست کور'!$H$2:$H$101,"درست")+COUNTIFS('تست کور'!$B$2:$B$101,A24,'تست کور'!$H$2:$H$101,"درست با سؤال‌های درست")+COUNTIFS('تست کور'!$B$2:$B$101,A24,'تست کور'!$H$2:$H$101,"امتناع درست") | E24: =COUNTIFS('تست کور'!$B$2:$B$101,A24,'تست کور'!$H$2:$H$101,"غلط") | F24: =COUNTIFS('تست کور'!$B$2:$B$101,A24,'تست کور'!$I$2:$I$101,"بله") | G24: =IF(C24=0,0,D24/C24)
... A27: نباید ثبت شود | B27: =COUNTIF('تست کور'!$B$2:$B$101,A27) | C27: =COUNTIFS('تست کور'!$B$2:$B$101,A27,'تست کور'!$H$2:$H$101,"<>") | D27: =COUNTIFS('تست کور'!$B$2:$B$101,A27,'تست کور'!$H$2:$H$101,"درست")+COUNTIFS('تست کور'!$B$2:$B$101,A27,'تست کور'!$H$2:$H$101,"درست با سؤال‌های درست")+COUNTIFS('تست کور'!$B$2:$B$101,A27,'تست کور'!$H$2:$H$101,"امتناع درست") | E27: =COUNTIFS('تست کور'!$B$2:$B$101,A27,'تست کور'!$H$2:$H$101,"غلط") | F27: =COUNTIFS('تست کور'!$B$2:$B$101,A27,'تست کور'!$I$2:$I$101,"بله") | G27: =IF(C27=0,0,D27/C27)

Sheet راهنمای آزمون
A1: موضوع | B1: ۱۰۰ تراکنش برای آزمون حالت AI روشن و «تحلیل کن» صف بررسی
A2: واحد مبلغ | B2: همهٔ مبالغ به تومان
A3: نسخه | B3: 1405-07-29
A5: پیش از شروع
A6: ۱. | B6: دفتر تازهٔ کسب‌وکار، تجربهٔ حرفه‌ای، کدینگ پیشنهادی نصب‌شده، حالت فهم با AI روشن.
A7: ۲. | B7: حساب‌ها: صندوق با افتتاحیهٔ ۱۰۰٬۰۰۰٬۰۰۰؛ جاری ملت ۵۰۰٬۰۰۰٬۰۰۰؛ جاری تجارت ۲۰۰٬۰۰۰٬۰۰۰؛ تنخواه رضا احمدی با ماندهٔ صفر.
A8: ۳. | B8: حد سرمایه‌ای شدن دارایی: ۲۰٬۰۰۰٬۰۰۰ تومان (از تنظیمات قانون ثبت خودکار).
A9: ۴. | B9: ارزش افزوده: دفتر مشمول، نرخ ۱۰٪.
A10: ۵. | B10: موارد را به ترتیب کد وارد کن؛ هر مورد «وابسته به» فقط بعد از پیش‌نیازش معنا دارد.
A11: ۶. | B11: جواب سؤال‌ها را دقیقاً از ستون «جواب‌هایی که بده» بده؛ چیزی اضافه نگو.
A13: مسیرها
A14: ثبت خودکار یا تأیید ساده | B14: سیستم خودش سند درست را می‌سازد یا فقط تأیید می‌خواهد.
A15: کارت سؤال، بعد ثبت | B15: یک یا چند کارت سؤال می‌آید؛ جواب ستون «جواب‌هایی که بده» را بده، بعد سند باید با کلید یکی باشد.
A16: صف حسابدار ← «تحلیل کن» | B16: مورد به صف حسابدار می‌رود؛ «تحلیل کن» را بزن، سؤال‌ها را جواب بده و سند را با کلید مقایسه کن.
A17: امتناع درست — شکاف شناخته‌شدهٔ سیستم | B17: ثبت درست در کلید آمده، ولی سیستم فعلی این شکل را هنوز ثبت نمی‌کند؛ پیام صریح «هنوز پشتیبانی نمی‌شود» و نبودِ سند غلط یعنی «امتناع درست».
A18: نباید هیچ سندی ثبت شود | B18: هیچ سندی نباید ساخته شود؛ هر سندی «غلط» است.
A20: نتیجه‌گذاری
A21: درست | B21: مسیر و سند (حساب‌ها، مبلغ‌ها، طرف‌حساب، نبودِ ردیف نقدی وقتی پولی جابه‌جا نشده) با کلید یکی است، بی سؤال اضافه.
A22: درست با سؤال‌های درست | B22: سند درست است و فقط سؤال‌هایی پرسیده شد که واقعاً از متن درنمی‌آمد.
A23: امتناع درست | B23: سیستم ثبت نکرد و دلیلش درست بود (شکاف شناخته‌شده، نبودِ سند مبنا، «نباید ثبت شود»).
A24: غلط | B24: هر سند دیگر، سؤال دربارهٔ چیزی که متن گفته بود، یا ثبت چیزی که نباید ثبت می‌شد.
A25: ثبت اشتباه با اطمینان | B25: «بله» یعنی سند غلط بی هیچ سؤال یا هشداری ثبت شد. آستانهٔ قبولش صفر است و مهم‌ترین عدد این آزمون است.
A27: خانه‌های پرکردنی | B27: فقط خانه‌های زرد برگهٔ «تست کور» را پر کن. برگهٔ «امتیاز» خودش حساب می‌شود.
A28: نمونهٔ پرشده | B28: R003 · خروجی: «Dr قبوض ۱٬۲۰۰٬۰۰۰ / Cr جاری ملت ۱٬۲۰۰٬۰۰۰، بی سؤال» · نتیجه: درست · ثبت اشتباه با اطمینان: خیر
