Workbook

Sheet تست کور
A1: کد سناریو | B1: سرفصل حسابداری (دسته) | C1: سطح دشواری | D1: متن سناریوی صوتی (Voice Transcript) | E1: نوع سناریو | F1: عمدی مبهم؟ | G1: رفتار مورد انتظار سیستم | H1: خروجی / پاسخ ثبت‌شده حساب‌یار | I1: نتیجه ارزیابی حساب‌یار | J1: نوع خطای شناسایی‌شده | K1: توضیحات و یادداشت تستر | L1: در دامنهٔ فاز فعلی؟ | M1: ثبت اشتباه با اطمینان؟
A2: T001 | B2: ۱. پیش‌پرداخت، هزینه و دوره مالی | C2: آسان | D2: سلام حساب‌یار جان، امروز صب دوازده میلیون تومن از حساب سامان ریختم به حساب آقای اسدی بابت اجاره اردیبهشت ماه دفتر مرکزی، سندشو بزن. | E2: تک‌رویدادی | F2: خیر | G2: ثبت سند دوبل قطعی (هزینه اجاره / بانک سامان) | L2: تا حدی — پیش‌پرداخت قاعده دارد
A3: T002 | B3: ۱. پیش‌پرداخت، هزینه و دوره مالی | C3: متوسط | D3: حساب‌یار، پنجاه میلیون زدم به حساب بیمه ایران واسه کل بیمه مسئولیت مدنی یک‌ساله شرکت، از اول فروردین تا آخر اسفند همین امسال. | E3: تک‌رویدادی | F3: خیر | G3: ثبت پیش‌پرداخت بیمه به عنوان دارایی جاری و مستهلک‌سازی ماهانه | L3: تا حدی — پیش‌پرداخت قاعده دارد
A4: T003 | B4: ۱. پیش‌پرداخت، هزینه و دوره مالی | C4: سخت | D4: بیست میلیون دادم به موجر دفتر، ده تومنش مال کرایه عقب‌افتاده اسفند پارساله، ده تومنم علی‌الحساب مال فروردین و اردیبهشت امسال، از حساب ملی دادم. | E4: چندرویدادی مرکب | F4: خیر | G4: تفکیک بدهی سنواتی گذشته از پیش‌پرداخت اجاره دوره جاری | L4: تا حدی — پیش‌پرداخت قاعده دارد
A5: T004 | B5: ۱. پیش‌پرداخت، هزینه و دوره مالی | C5: چالش‌برانگیز | D5: یه سی تومن ریختم واسه چاپخونه ولی نمیدونم کاتالوگ شرکتو قراره بعد عید بیاره یا فاکتورشو باطل کرده، فعلا تو حسابت باشه تا بعد! | E5: ابهام نیازمند سؤال | F5: بله | G5: طرح سؤال تکمیلی شفاف‌سازی و ثبت در پیش‌پرداخت نامشخص | L5: تا حدی — پیش‌پرداخت قاعده دارد
A6: T005 | B6: ۱. پیش‌پرداخت، هزینه و دوره مالی | C6: متوسط | D6: هزینه پذیرایی جلسه هیئت مدیره شد سه میلیون و چهارصد، آقای حسینی از جیب خودش کارت کشیده، طلبکارش کنین لطفا. | E6: تک‌رویدادی | F6: خیر | G6: ثبت هزینه پذیرایی و اداری به بستانکاری جاری شرکا / آقای حسینی | L6: تا حدی — پیش‌پرداخت قاعده دارد
A7: T006 | B7: ۱. پیش‌پرداخت، هزینه و دوره مالی | C7: سخت | D7: صد و بیست میلیون پیش‌پیش ریختیم حساب کارخونه فولاد مبارکه واسه خرید ورق، هنوز هیچی فاکتور نکرده و بار نرسیده. | E7: تک‌رویدادی | F7: خیر | G7: ثبت پیش‌پرداخت خرید کالا تجاری / بانک (نه هزینه خرید کالا) | L7: تا حدی — پیش‌پرداخت قاعده دارد
A8: T007 | B8: ۱. پیش‌پرداخت، هزینه و دوره مالی | C8: چالش‌برانگیز | D8: یه پنج تومن دادم به نظافتچی راهروها، رسیدم نگرفتم، فاکتورم که ندارن، همینو یه جوری ثبت کن تو سیستم بره پی کارش. | E8: ابهام نیازمند سؤال | F8: بله | G8: هشدار نبود مدارک مثبته و تفکیک هزینه قانونی از غیرقابل‌قبول مالیاتی | L8: تا حدی — پیش‌پرداخت قاعده دارد
A9: T008 | B9: ۱. پیش‌پرداخت، هزینه و دوره مالی | C9: متوسط | D9: قبض برق و گاز کارگاه اومده روی هم نه میلیون تومن، موعد پرداختش هفته بعده ولی الان فاکتورش اومده، چیکارش کنیم؟ | E9: تک‌رویدادی | F9: خیر | G9: شناسایی بدهی جاری و هزینه قبوض بر مبنای تعهدی (پیش از پرداخت) | L9: تا حدی — پیش‌پرداخت قاعده دارد
A10: T009 | B10: ۱. پیش‌پرداخت، هزینه و دوره مالی | C10: سخت | D10: پونزده میلیون شارژ ساختمان اداری رو برای شش ماه جلوتر با چک نقدی تسویه کردم، چک هم پاس شد. | E10: تک‌رویدادی | F10: خیر | G10: تفکیک هزینه جاری دوره از پیش‌پرداخت ماه‌های آتی شارژ اداری | L10: تا حدی — پیش‌پرداخت قاعده دارد
A11: T010 | B11: ۱. پیش‌پرداخت، هزینه و دوره مالی | C11: چالش‌برانگیز | D11: امروز هفت میلیون هزینه کردیم، بعدا بهت میگم چی بود فقط تو سیستم تراز بخوره به هم نریزه! | E11: ابهام غیرقابل ثبت | F11: بله | G11: رد قطعی ثبت سند به علت فقدان سررفصل، طرف حساب و مدرک مالی | L11: تا حدی — پیش‌پرداخت قاعده دارد
A12: T011 | B12: ۲. دارایی ثابت، استهلاک و مخارج سرمایه‌ای | C12: متوسط | D12: یه دستگاه لپ‌تاپ ایسوس خریدیم واسه گرافیست شرکت به مبلغ چهل و هشت میلیون تومن، نقدی از حساب تجارت پرداخت شد. | E12: تک‌رویدادی | F12: خیر | G12: ثبت دارایی ثابت مشهود (اثاثه و تجهیزات رایانه‌ای) و کاهش بانک | L12: خیر — قاعده‌اش ساخته نشده
A13: T012 | B13: ۲. دارایی ثابت، استهلاک و مخارج سرمایه‌ای | C13: سخت | D13: سیصد و پنجاه میلیون تومن دادیم خط تولید کارگاه رو اساسی اورهال کردن، قطعات موتور عوض شد و ظرفیت تولید دو برابر شد. | E13: تک‌رویدادی | F13: خیر | G13: ثبت مخارج سرمایه‌ای و افزایش ارزش دفتری ماشین‌آلات (نه هزینه جاری) | L13: خیر — قاعده‌اش ساخته نشده
... A121: T120 | B121: ۱۲. درآمد غیرعملیاتی، ضایعات و رویداد غیرعادی | C121: چالش‌برانگیز | D121: یه مبلغ مشکوک پنجاه میلیون تومانی بدون مشخصات به حساب اومده، مدیر میگه بزن به حساب درآمدهای متفرقه کسی نفهمه! | E121: ابهام غیرقابل ثبت | F121: بله | G121: رد ثبت درآمد متفرقه بدون منشأ، ثبت واریزی نامشخص و اعلام خطرات پولشویی و ممیزی | L121: خیر — قاعده‌اش ساخته نشده

Sheet کلید پاسخ کامل
A1: کد سناریو | B1: سرفصل حسابداری (دسته) | C1: عنوان و ماهیت رویداد مالی | D1: حساب(های) بدهکار استاندارد | E1: حساب(های) بستانکار استاندارد | F1: مبلغ مبنا (تومان) | G1: طرف‌حساب / اشخاص مرتبط | H1: تاریخ / سررسید / دوره | I1: رفتار استاندارد هوش مصنوعی در ابهام یا ترکیب | J1: مرجع استاندارد حسابداری / قانون مالیاتی
A2: T001 | B2: ۱. پیش‌پرداخت، هزینه و دوره مالی | C2: پرداخت نقدی اجاره اردیبهشت دفتر مرکزی | D2: هزینه اجاره اماکن اداری | E2: موجودی بانک سامان | F2: 12000000 | G2: آقای اسدی (موجر) | H2: اردیبهشت ماه جاری | I2: ثبت قطعی بدون ابهام با تاریخ روز و مرکز هزینه اداری | J2: استاندارد حسابداری ۱ و ۳ (تداوم و تطابق)
A3: T002 | B3: ۱. پیش‌پرداخت، هزینه و دوره مالی | C3: پیش‌پرداخت بیمه مسئولیت مدنی سالانه | D3: پیش‌پرداخت بیمه (دارایی جاری) | E3: موجودی بانک / اسناد پرداختنی | F3: 50000000 | G3: شرکت سهامی بیمه ایران | H3: ۱ فروردین تا ۲۹ اسفند (یک‌ساله) | I3: شناسایی اولیه در دارایی جاری و زمان‌بندی استهلاک ۱۲ ماهه | J3: ماده ۱۴۸ قانون مالیات‌های مستقیم و استانداردهای مالی
A4: T003 | B4: ۱. پیش‌پرداخت، هزینه و دوره مالی | C4: پرداخت ترکیبی بدهی سنواتی و پیش‌پرداخت جاری | D4: حساب‌های پرداختنی (۱۰ م) + پیش‌پرداخت اجاره (۱۰ م) | E4: موجودی بانک ملی | F4: 20000000 | G4: موجر دفتر مرکـزی | H4: اسفند سال قبل و بهار سال جاری | I4: تفکیک خودکار مبلغ به دو آرتیکل: تسویه بدهی و پیش‌پرداخت | J4: اصل تطابق هزینه با درآمد و استانداردهای تفکیک دوره
A5: T004 | B5: ۱. پیش‌پرداخت، هزینه و دوره مالی | C5: واریز وجه نامشخص به چاپخانه بدون فاکتور قطعی | D5: پیش‌پرداخت سفارشات چاپی / علی‌الحساب | E5: موجودی بانک | F5: 30000000 | G5: چاپخانه طرف قرارداد | H5: نامشخص (نیاز به پیگیری) | I5: توقف ثبت هزینه قطعی؛ طرح سؤال: آیا سفارش چاپ نهایی شده یا خیر؟ | J5: آیین‌نامه تحریر دفاتر و الزامات صدور مدارک مثبته
A6: T005 | B6: ۱. پیش‌پرداخت، هزینه و دوره مالی | C6: پرداخت هزینه پذیرایی هیئت مدیره از جیب سهامدار | D6: هزینه پذیرایی، رفاهی و جلسات اداری | E6: جاری شرکا و سهامداران (آقای حسینی) | F6: 3400000 | G6: آقای حسینی (عضو هیئت مدیره) | H6: روز جاری | I6: شناسایی هزینه جاری و افزایش بستانکاری سهامدار بدون دخالت بانک | J6: قانون تجارت و ماده ۱۲۹ و استانداردهای افشای اشخاص وابسته
A7: T006 | B7: ۱. پیش‌پرداخت، هزینه و دوره مالی | C7: پیش‌پرداخت خرید مواد اولیه از بورس/کارخانه | D7: پیش‌پرداخت خرید کالا و مواد اولیه | E7: موجودی بانک | F7: 120000000 | G7: کارخانه فولاد مبارکه اصفهان | H7: تحویل در دوره آتی | I7: جلوگیری از ثبت مستقیم در حساب خرید یا موجودی تا زمان تحویل کالا | J7: استاندارد حسابداری ۸ (حسابداری موجودی مواد و کالا)
A8: T007 | B8: ۱. پیش‌پرداخت، هزینه و دوره مالی | C8: پرداخت وجه نظافتچی بدون رسید و کد ملی | D8: هزینه‌های عمومی و اداری (خدمات نظافت) | E8: موجودی صندوق / بانک | F8: 5000000 | G8: نظافتچی متفرقه (فاقد مشخصات) | H8: روز جاری | I8: هشدار به کاربر: هزینه فاقد فاکتور معتبر جزء هزینه‌های غیرقابل قبول مالیاتی است | J8: ماده ۱۴۷ و ۱۴۸ قانون مالیات‌های مستقیم
A9: T008 | B9: ۱. پیش‌پرداخت، هزینه و دوره مالی | C9: دریافت قبض خدمات عمومی (آب/برق/گاز) پیش از سررسید | D9: هزینه آب، برق، گاز و انرژی کارگاه | E9: سایر حساب‌ها و اسناد پرداختنی جاری | F9: 9000000 | G9: شرکت توزیع نیروی برق / شرکت گاز | H9: سررسید هفته آتی | I9: ثبت تعهدی بدهی پیش از خروج نقدینگی و تعیین موعد پرداخت سررسید | J9: مبنای تعهدی استانداردهای حسابداری دولتی و بخش خصوصی
A10: T009 | B10: ۱. پیش‌پرداخت، هزینه و دوره مالی | C10: شارژ شش‌ماهه پیشاپیش ساختمان اداری | D10: هزینه شارژ جاری (۲.۵ م) + پیش‌پرداخت شارژ (۱۲.۵ م) | E10: موجودی بانک / اسناد پرداختنی | F10: 15000000 | G10: مدیریت ساختمان برج اداری | H10: شش ماهه آینده | I10: تفکیک سهم ماه جاری از سهم پنج ماه آینده در دو سرفصل مجزا | J10: اصل تطابق هزینه‌ها با درآمدهای دوره مالی
A11: T010 | B11: ۱. پیش‌پرداخت، هزینه و دوره مالی | C11: دستور پرداخت بدون ذکر سرفصل و مستندات | D11: نامشخص (عدم امکان صدور سند) | E11: نامشخص | F11: 7000000 | G11: نامشخص | H11: نامشخص | I11: رد قاطع ثبت حسابداری و طرح پیام: لطفاً نوع هزینه و طرف‌حساب را مشخص فرمایید | J11: قانون پایانه‌های فروشگاهی و استانداردهای اسناد حسابداری
A12: T011 | B12: ۲. دارایی ثابت، استهلاک و مخارج سرمایه‌ای | C12: خرید رایانه و لپ‌تاپ جهت واحد طراحی | D12: دارایی ثابت مشهود - تجهیزات و ماشین‌آلات اداری | E12: موجودی بانک تجارت | F12: 48000000 | G12: فروشگاه رایانه / شرکت پارس | H12: روز جاری | I12: ثبت در سرفصل دارایی ثابت و صدور پلاک اموال و شروع استهلاک از ماه بعد | J12: استاندارد حسابداری ۱۱ (دارایی‌های ثابت مشهود)
A13: T012 | B13: ۲. دارایی ثابت، استهلاک و مخارج سرمایه‌ای | C13: تعمیر اساسی و افزایش ظرفیت خط تولید | D13: دارایی ثابت مشهود - ماشین‌آلات کارخانه | E13: موجودی بانک / حساب‌های پرداختنی | F13: 350000000 | G13: پیمانکار فنی و مهندسی ماشین‌آلات | H13: دوره جاری | I13: سرمایه‌ای منظور کردن مخارج (افزایش ارزش دفتری و تجدید عمر مفید) | J13: استاندارد حسابداری ۱۱ (مخارج بعدی دارایی‌های ثابت)
... A40: T039 | B40: ۴. دریافتنی و پرداختنی تجاری | C40: تسویه غیرنقدی طلبکار از طریق تحویل کالا | D40: حساب‌های پرداختنی تجاری (آقای رادمنش) | E40: درآمد فروش کالا (یا موجودی کالا) | F40: 10000000 | G40: آقای رادمنش (طلبکار تجاری) | H40: روز جاری | I40: صدور فاکتور رسمی فروش و بستن حساب بدهی بدون رد و بدل وجه نقد | J40: قانون پایانه‌های فروشگاهی و استانداردهای معاوضه دارایی
A41: T040 | B41: ۴. دریافتنی و پرداختنی تجاری | C41: مغایرت بازرگانی مستمر و درخواست سند تسویه صوری | D41: نامشخص (عدم امکان صدور سند تعدیل) | E41: نامشخص | F41: نامشخص | G41: برادران کمالی (مشتری/تامین‌کننده) | H41: نامشخص | I41: رد قاطع ثبت دستوری و صدور هشدار تهیه صورت مغایرت حساب اشخاص | J41: آیین‌نامه تحریر دفاتر قانونی و استانداردهای کنترل حساب‌ها
A42: T041 | B42: ۵. چک و سفته و اسناد تجاری | C42: دریافت چک صیادی موعددار بابت تسویه فاکتور فروش | D42: اسناد دریافتنی تجاری نزد صندوق | E42: حساب‌های دریافتنی تجاری (مشتری) | F42: 65000000 | G42: مشتری صادرکننده چک | H42: سررسید ۱۵ ماه بعد | I42: ثبت مشخصات شناسه صیاد، شماره چک، تاریخ سررسید و بانک صادرکننده | J42: قانون جدید صدور چک و سامانه صیاد بانک مرکزی
A43: T042 | B43: ۵. چک و سفته و اسناد تجاری | C43: نکول و برگشت چک دریافتنی مشتری در سررسید | D43: اسناد دریافتنی واخواست‌شده و برگشتی | E43: اسناد دریافتنی در جریان وصول (بانک) | F43: 65000000 | G43: صاحب چک برگشتی | H43: سررسید روز جاری | I43: خروج از حساب اسناد در جریان وصول و انتقال به مطالبات حقوقی و برگشتی | J43: قانون تجارت (مواد ۲۴۵ به بعد) و استانداردهای اسناد تجاری
A44: T043 | B44: ۵. چک و سفته و اسناد تجاری | C44: پاس شدن چک شرکت به همراه کسر کارمزد بانکی | D44: اسناد پرداختنی (۵۰ م) + هزینه کارمزد بانکی (۵۰ هـ) | E44: موجودی حساب جاری بانک | F44: 50050000 | G44: دارنده چک و بانک عامل | H44: سررسید روز جاری | I44: تفکیک بدهی اسناد تجاری از کارمزد تراکنش خدمات بانکی | J44: استاندارد بدهی‌های مالی و استانداردهای هزینه خدمات بانکی
A45: T044 | B45: ۵. چک و سفته و اسناد تجاری | C45: صدور چک تضمین بدون مبلغ و تاریخ به پیمانکار | D45: حساب‌های انتظامی - چک‌های تضمینی صادره | E45: طرف حساب‌های انتظامی - تعهدات چک‌های تضمینی | F45: 100000000 | G45: آهنگر و پیمانکار قرارداد | H45: نامشخص (تضمینی) | I45: رد ثبت به عنوان اسناد پرداختنی تجاری و ثبت انحصاری در حساب‌های انتظامی | J45: استانداردهای بین‌المللی و داخلی تعهدات بالقوه و تضمین‌ها
A46: T045 | B46: ۵. چک و سفته و اسناد تجاری | C46: ظهرنویسی و خرج کردن چک مشتری جهت تسویه بدهی | D46: حساب‌های پرداختنی تجاری (آقای کبیری) | E46: اسناد دریافتنی تجاری (چک آقای مرادی) | F46: 80000000 | G46: آقای کبیری (طلبکار) و مرادی (صادرکننده) | H46: سررسید چک موصوف | I46: ثبت انتقال تعهد و انتقال ریسک نکول چک به طرفیت شخص ثالث در یادداشت‌ها | J46: قانون تجارت در خصوص ظهرنویسی و واگذاری برات و چک
A47: T046 | B47: ۵. چک و سفته و اسناد تجاری | C47: استرداد سفته تضمین حسن اجرای قرارداد اداره گاز | D47: طرف حساب انتظامی - تعهدات سفته‌های وثیقه | E47: حساب‌های انتظامی - سفته‌های ضمانتی نزد دیگران | F47: نامشخص | G47: اداره گاز استان | H47: خاتمه قرارداد | I47: بستن معکوس ردیف حساب‌های انتظامی پس از اخذ لاشه اسناد سفته | J47: دستورالعمل تضمین معاملات دولتی و استانداردهای وثایق
A48: T047 | B48: ۵. چک و سفته و اسناد تجاری | C48: وصول بخشی از وجه چک و اخذ گواهی عدم پرداخت مانده | D48: بانک (۴۰ م) + اسناد دریافتنی نکول‌شده (۳۰ م) | E48: اسناد دریافتنی در جریان وصول (۷۰ م) | F48: 70000000 | G48: مشتری و صادرکننده چک | H48: روز جاری | I48: تفکیک مبلغ نقدی وصولی در بانک از باقیمانده نکول‌شده و ارجاع به پیگیری حقوقی | J48: ماده ۵ مکرر قانون اصلاح قانون صدور چک
A49: T048 | B49: ۵. چک و سفته و اسناد تجاری | C49: تنزیل چک دریافتنی مدت‌دار نزد بازار آزاد/صرافی | D49: موجودی نقد/بانک (۸۳ م) + هزینه مالی تنزیل (۷ م) | E49: اسناد دریافتنی تجاری (۹۰ م) | F49: 90000000 | G49: صراف / خریدار دین چک | H49: سررسید چک واگذارشده | I49: تفکیک عایدی خالص نقد از هزینه کارمزد تنزیل با هشدار تعهد احتمالی ضامن | J49: استاندارد ابزارهای مالی و مقررات ربا و سود تنزیل اسناد تجاری
A50: T049 | B50: ۵. چک و سفته و اسناد تجاری | C50: دریافت دسته چک جدید و پرداخت کارمزد صدور بانک | D50: هزینه خدمات و کارمزد بانکی | E50: موجودی حساب بانک تجارت | F50: 200000 | G50: بانک تجارت شعبه مرکزی | H50: روز جاری | I50: ثبت هزینه کارمزد در سود و زیان و معرفی شماره سریال چک‌ها در خزانه سیستم | J50: مقررات بانکداری و قانون چک صیادی
A51: T050 | B51: ۵. چک و سفته و اسناد تجاری | C51: واگذاری چک امانی/دست‌لاف به شریک کاری | D51: اسناد انتظامی - چک‌های نزد امانت شریک | E51: طرف حساب انتظامی - تعهدات امانی چک | F51: 50000000 | G51: شریک تجاری (آقای ... ) | H51: کوتاه‌مدت امانی | I51: طرح سؤال: هدف چک چیست؟ اگر امانی است صرفاً در انتظامی ثبت شود نه تجاری | J51: قانون مدنی در باب عقد ودیعه و امانت‌داری مالی
A52: T051 | B52: ۶. وام و تسهیلات بانکی | C52: واریز اصل تسهیلات بانکی طرح توسعه به حساب شرکت | D52: موجودی حساب بانک تجارت | E52: تسهیلات مالی دریافتی بلندمدت بانکی | F52: 500000000 | G52: بانک تجارت (شعبه تسهیلات‌دهنده) | H52: بازپرداخت ۳۶ ماهه | I52: ثبت اصل مبلغ تسهیلات و ایجاد جدول زمان‌بندی اقساط و بهره آتی | J52: استاندارد حسابداری ۱۶ (هزینه‌های تامین مالی)
A53: T052 | B53: ۶. وام و تسهیلات بانکی | C53: پرداخت قسط وام بانکی مرکب از اصل و سود بانکی | D53: تسهیلات بانکی (۱۷ م) + هزینه مالی بهره وام (۶ م) | E53: موجودی حساب بانک ملت | F53: 23000000 | G53: بانک ملت | H53: سررسید قسط ماهانه | I53: تفکیک دقیق کاهش اصل بدهی از هزینه مالی دوره جاری طبق جدول استهلاک وام | J53: استاندارد حسابداری ۱۶ و ماده ۱۴۸ ق.م.م (هزینه‌های بهره بانکی)
A54: T053 | B54: ۶. وام و تسهیلات بانکی | C54: مسدودی بخشی از نقدینگی شرکت به عنوان وثیقه وام | D54: سپرده‌های سرمایه‌گذاری مسدودی نزد بانک‌ها | E54: موجودی نقد و بانک آزاد سپه | F54: 30000000 | G54: بانک سپه | H54: تا پایان تسویه وام | I54: تفکیک دارایی نقدینگی مقید و مسدودشده از وجوه جاری آزاد شرکت در ترازنامه | J54: استاندارد ۱ حسابداری (افشای دارایی‌های مقید و تضمین‌ها)
A55: T054 | B55: ۶. وام و تسهیلات بانکی | C55: پرداخت علی‌الحساب جریمه و قسط معوق بانکی | D55: تسهیلات بانکی و هزینه جرایم مالیاتی/بانکی (مشروط) | E55: موجودی بانک | F55: 40000000 | G55: بانک عامل وام | H55: روز جاری | I55: طرح سؤال جهت اخذ برگه جزییات کسر بانک: تفکیک اصل بدهی از خسارت تاخیر | J55: قانون عملیات بانکی بدون ربا و استانداردهای هزینه‌های مالی
A56: T055 | B56: ۶. وام و تسهیلات بانکی | C56: شناسایی هزینه سود سالانه تسهیلات تعهدی سررسید نشده | D56: هزینه مالی (سود و بهره تسهیلات) | E56: سود تحقق‌نیافته تسهیلات مالی بانکی | F56: 48000000 | G56: بانک طرف قرارداد تسهیلات | H56: پایان سال مالی | I56: تخصیص سهم هزینه بهره متناسب با دوره زمانی تعهدی طبق جدول استهلاک بدهی | J56: مبنای تعهدی و استاندارد حسابداری ۱۶
A57: T056 | B57: ۶. وام و تسهیلات بانکی | C57: صدور ضمانت‌نامه بانکی مناقصه به همراه ودیعه نقدی | D57: سپرده نقدی ضمانت‌نامه (۱۰۰ م) + هزینه کارمزد (۱۵ م) | E57: موجودی حساب بانک (۱۱۵ م) | F57: 115000000 | G57: بانک صادرکننده ضمانت‌نامه | H57: دوره اعتبار مناقصه | I57: تفکیک کارمزد غیرقابل استرداد از سپرده نقدی مستردشدنی و صدور سند انتظامی ۱ م.ت | J57: دستورالعمل ضمانت‌نامه‌های بانکی بانک مرکزی
A58: T057 | B58: ۶. وام و تسهیلات بانکی | C58: دریافت وام شخصی مدیر و واریز به حساب شرکت جهت نقدینگی | D58: موجودی حساب بانک شرکت | E58: جاری شرکا (یا تسهیلات دریافتی از اشخاص ثالث) | F58: نامشخص | G58: مدیرعامل / بانک اعطا‌کننده وام به مدیر | H58: دوره وام | I58: طرح سؤال: آیا تعهد بازپرداخت متوجه شرکت است یا شخص مدیرعامل؟ | J58: قانون تجارت و استانداردهای تفکیک شخصیت شرکت از سهامدار
A59: T058 | B59: ۶. وام و تسهیلات بانکی | C59: تنزیل بدهی فاکتورها از طریق تسهیلات خرید دین بانکی | D59: بانک (۱۸۲ م) + هزینه مالی تسهیلات خرید دین (۱۸ م) | E59: تسهیلات بانکی خرید دین پرداختنی (۲۰۰ م) | F59: 200000000 | G59: بانک پرداخت‌کننده خرید دین | H59: سررسید فاکتورها | I59: ثبت بدهی بانکی به ارزش اسمی و تخصیص بهره تسهیلات در دوره مالی تسویه | J59: دستورالعمل اجرایی عقد خرید دین بانک مرکزی
A60: T059 | B60: ۶. وام و تسهیلات بانکی | C60: پرداخت کارمزد تمدید حد اعتباری سالانه شرکت در بانک | D60: هزینه مالی و کارمزد خدمات اعتباری بانکی | E60: موجودی حساب بانک ملی | F60: 6500000 | G60: بانک ملی ایران | H60: سال مالی جاری | I60: ثبت در سرفصل هزینه‌های مالی دوره‌ای به عنوان هزینه عملیات تامین مالی | J60: ماده ۱۴۸ بند ۱۸ قانون مالیات‌های مستقیم
A61: T060 | B61: ۶. وام و تسهیلات بانکی | C61: استقراض ربوی از بازار آزاد با سود غیررسمی خارج از شبکه | D61: نامشخص (عدم امکان تایید هزینه مالی ربا) | E61: نامشخص | F61: 200000000 | G61: طلبکار متفرقه بازار آزاد | H61: ماهانه ۵ درصد | I61: هشدار قرمز: سود پرداختی بازار آزاد غیرقابل قبول مالیاتی است و اصل تخلف است | J61: قانون اساسی، فقه اسلامی و ماده ۱۴۸ قانون مالیات‌های مستقیم
A62: T061 | B62: ۷. حقوق، دستمزد و بیمه | C62: ثبت سند ماهانه حقوق و تفکیک کسورات قانونی و پرداختی | D62: هزینه حقوق و دستمزد (۱۸۰ م) | E62: بیمه پرداختنی (۱۳ م) + مالیات حقوق (۸ م) + بانک (۱۵۹ م) | F62: 180000000 | G62: پرسنل، سازمان تامین اجتماعی، امور مالیاتی | H62: اسفند ماه جاری | I62: تفکیک ناخالص حقوق از کسورات کارگر و شناسایی سهم قابل پرداخت به کارکنان | J62: قانون کار، قانون تامین اجتماعی و ماده ۸۵ قانون مالیات‌ها
A63: T062 | B63: ۷. حقوق، دستمزد و بیمه | C63: پرداخت حق بیمه تامین اجتماعی به شعب سازمان تامین اجتماعی | D63: بیمه پرداختنی سازمان تامین اجتماعی | E63: موجودی حساب بانک | F63: 35000000 | G63: سازمان تامین اجتماعی (شعبه کارگاهی) | H63: ماه قبل | I63: تسویه قطعی بدهی بیمه سهم کارگر، کارفرما و بیمه بیکاری | J63: مواد ۲۸ و ۳۶ قانون تامین اجتماعی جمهوری اسلامی ایران
A64: T063 | B64: ۷. حقوق، دستمزد و بیمه | C64: پرداخت مساعده نقدی به پرسنل در اواسط ماه کاری | D64: مساعده حقوق و دستمزد پرسنل (انباردار) | E64: موجودی صندوق نقد شرکت | F64: 10000000 | G64: انباردار شرکت | H64: روز جاری | I64: ثبت در سرفصل مطالبات جاری پرسنل و الزام به تهاتر در فیش حقوقی پایان ماه | J64: قانون کار و استانداردهای دارایی‌های جاری تجاری
A65: T064 | B65: ۷. حقوق، دستمزد و بیمه | C65: پرداخت پاداش نقدی دستی خارج از لیست رسمی حقوق | D65: هزینه پاداش پرسنل (مشروط به بار مالیاتی) | E65: صندوق نقد / حساب شخصی مدیر | F65: 25000000 | G65: کارشناسان فروش شرکت | H65: روز جاری | I65: طرح سؤال و اخطار: پاداش نقدی مشمول مالیات تکلیفی و بیمه است؛ عدم ثبت جریمه دارد | J65: ماده ۸۴ و ۹۱ قانون مالیات‌ها و ماده ۲۸ تامین اجتماعی
A66: T065 | B66: ۷. حقوق، دستمزد و بیمه | C66: محاسبه و پرداخت عیدی و پاداش سالانه به همراه مالیات تکلیفی | D66: هزینه عیدی و پاداش سالانه پرسنل (۲۱۰ م) | E66: مالیات تکلیفی عیدی (۱۵ م) + موجودی بانک (۱۹۵ م) | F66: 210000000 | G66: کل پرسنل و سازمان امور مالیاتی | H66: پایان سال مالی | I66: تفکیک معافیت ماده ۹۱ ق.م.م، کسر مالیات مازاد و پرداخت خالص به کارکنان | J66: قانون مربوط به تعیین عیدی و پاداش سالانه کارگران شاغل
A67: T066 | B67: ۷. حقوق، دستمزد و بیمه | C67: تسویه‌حساب نهایی سنوات و مانده مرخصی کارگر خروجی | D67: ذخیره مزایای پایان خدمت (۲۴ م) + ذخیره مرخصی (۸ م) | E67: موجودی حساب بانک (۳۲ م) | F67: 32000000 | G67: کارگر قطع همکاری شده | H67: روز جاری | I67: بستن ذخایر مربوطه یا شناسایی هزینه مستقیم در صورت نبود ذخیره مکفی | J67: مواد ۲۴ و ۳۱ و ۶۴ قانون کار جمهوری اسلامی ایران
A68: T067 | B68: ۷. حقوق، دستمزد و بیمه | C68: اعطای وام قرض‌الحسنه به پرسنل بدون جدول اقساط مدون | D68: وام و تسهیلات اعطایی به کارکنان (آقای شمس) | E68: موجودی حساب بانک | F68: 50000000 | G68: آقای شمس (کارمند شرکت) | H68: روز جاری | I68: طرح سؤال: تعداد اقساط و نحوه کسر از حقوق ماهانه چیست؟ صدور فرم تعهدنامه | J68: آیین‌نامه رفاهی و تسهیلات کارکنان و استانداردهای حسابداری
A69: T068 | B69: ۷. حقوق، دستمزد و بیمه | C69: محاسبه و شناسایی ذخیره مزایای پایان خدمت و مرخصی پایان سال | D69: هزینه مزایای پایان خدمت و مرخصی کارکنان | E69: ذخیره مزایای پایان خدمت و مرخصی پرداختنی | F69: 90000000 | G69: کارکنان رسمی و قراردادی شرکت | H69: پایان دوره مالی | I69: شناسایی تعهدات انباشته پرسنل طبق استانداردهای تعهدی و آکچوئری مالی | J69: ماده ۱۴۸ بند ۲ قانون مالیات‌های مستقیم و استاندارد ۳۳
A70: T069 | B70: ۷. حقوق، دستمزد و بیمه | C70: پرداخت حق‌المشاوره حقوقی با کسر مالیات تکلیفی ماده ۱۰۴ | D70: هزینه خدمات مشاوره و حقوقی (۳۰ م) | E70: مالیات تکلیفی تبصره ماده ۸۶ (۳ م) + بانک (۲۷ م) | F70: 30000000 | G70: دکتر معتمدی (مشاور حقوقی) | H70: روز جاری | I70: تفکیک ناخالص قرارداد، کسر مالیات تکلیفی ماده ۸۶ و واریز خالص وجه | J70: تبصره ۱ ماده ۸۶ قانون مالیات‌های مستقیم
... A77: T076 | B77: ۸. مالیات و ارزش افزوده | C77: استرداد اضافه پرداختی ارزش افزوده توسط سازمان مالیاتی | D77: موجودی حساب بانک شرکت | E77: سایر حساب‌های دریافتنی (طلب از اداره مالیات) | F77: 10000000 | G77: سازمان امور مالیاتی کشور | H77: روز جاری | I77: ثبت وصول مطالبات دولتی و بستن ردیف اضافه پرداختی ارزش افزوده فصول قبل | J77: ماده ۸ قانون مالیات بر ارزش افزوده و دستورالعمل استرداد
A78: T077 | B78: ۸. مالیات و ارزش افزوده | C78: درخواست غیرقانونی پنهان‌سازی فاکتورهای فروش در سامانه مودیان | D78: نامشخص (رد قاطع صدور سند جعلی) | E78: نامشخص | F78: نامشخص | G78: خریداران متفرقه خرده‌فروشی | H78: روز جاری | I78: رد صریح عدم ارسال و صدور هشدار جریمه ۱۰ درصدی ماده ۲۲ قانون پایانه‌های فروشگاهی | J78: ماده ۲۲ قانون پایانه‌های فروشگاهی و سامانه مودیان
A79: T078 | B79: ۸. مالیات و ارزش افزوده | C79: محاسبه و ثبت ذخیره مالیات بر درآمد عملکرد پایان سال | D79: هزینه مالیات بر درآمد شرکت (۲۵٪ سود ابرازی) | E79: ذخیره مالیات بر درآمد عملکرد پرداختنی | F79: 150000000 | G79: سازمان امور مالیاتی کشور | H79: پایان سال مالی | I79: محاسبه بر مبنای نرخ مصوب ۲۵ درصدی اشخاص حقوقی در صورت سود و زیان | J79: ماده ۱۰۵ قانون مالیات‌های مستقیم و استاندارد ۲۲ حسابداری
A80: T079 | B80: ۸. مالیات و ارزش افزوده | C80: پرداخت نقدی عوارض آلایندگی و پسماند کارگاهی شهرداری | D80: هزینه‌های عوارض دولتی، شهرداری و پسماند | E80: موجودی حساب بانک کارخانه | F80: 4600000 | G80: شهرداری منطقه صنعتی | H80: روز جاری | I80: ثبت در هزینه‌های اداری و توزیع در صورت سود و زیان جاری شرکت | J80: ماده ۱۴۸ قانون مالیات‌ها و قانون درآمد پایدار شهرداری‌ها
A81: T080 | B81: ۸. مالیات و ارزش افزوده | C81: مطالبه مابه‌التفاوت ماده ۱۶۹ مکرر گزارشات فصلی بدون مستندات | D81: حساب‌های انتظامی یا ذخیره تعهدات مالیاتی (مشروط) | E81: طرف حساب انتظامی / بدهی احتمالی | F81: 40000000 | G81: سازمان امور مالیاتی / مودیان فصلی | H81: دوره مالیاتی گذشته | I81: طرح سؤال: کد اقتصادی و فاکتور مغایرت کجاست؟ لزوم تطبیق گزارشات فصلی قبل از پرداخت | J81: ماده ۱۶۹ مکرر قانون مالیات‌های مستقیم
A82: T081 | B82: ۹. حقوق صاحبان سهام و جاری شرکا | C82: افزایش سرمایه نقدی شرکت ثبت‌شده در روزنامه رسمی | D82: موجودی حساب ویژه افزایش سرمایه بانک | E82: سرمایه پرداخت‌شده و ثبت‌شده شرکت | F82: 500000000 | G82: سهامداران و شرکای رسمی شرکت | H82: روز جاری ثبتی | I82: افزایش سرفصل سرمایه اسمی پس از درج آگهی تغییرات در روزنامه رسمی کشور | J82: مواد ۱۵۷ تا ۱۶۳ لایحه اصلاحی قانون تجارت
A83: T082 | B83: ۹. حقوق صاحبان سهام و جاری شرکا | C83: تزریق نقدینگی به حساب شرکت توسط سهامدار عمده | D83: موجودی حساب جاری بانک شرکت | E83: جاری شرکا و سهامداران (آقای یوسفی) | F83: 50000000 | G83: آقای یوسفی (سهامدار) | H83: روز جاری | I83: ثبت بدهی شرکت به سهامدار و افزایش مانده بستانکاری شخص سهامدار | J83: قانون تجارت و استانداردهای حسابداری اشخاص وابسته
A84: T083 | B84: ۹. حقوق صاحبان سهام و جاری شرکا | C84: برداشت شخصی وجه نقد توسط سهامدار جهت مصارف غیرشرکتی | D84: جاری شرکا و سهامداران (خانم دکتر افشار) | E84: موجودی حساب جاری بانک شرکت | F84: 70000000 | G84: خانم دکتر افشار (سهامدار) | H84: روز جاری | I84: بدهکار کردن مستقیم حساب سهامدار با تذکر عدم ثبت در هزینه‌های اداری و شخصی | J84: ماده ۱۲۹ و ۱۳۲ لایحه اصلاحی قانون تجارت
A85: T084 | B85: ۹. حقوق صاحبان سهام و جاری شرکا | C85: تصویب سود تقسیمی در مجمع بدون نقدینگی فوری جهت پرداخت | D85: سود انباشته (تقسیم سود مجمع عمومی) | E85: سود سهام مصوب پرداختنی به سهامداران | F85: 100000000 | G85: کلیه سهامداران دارای حق رای | H85: طبق مهلت قانون تجارت (۴ یا ۸ ماه) | I85: شناسایی تعهد پرداخت سود به سهامداران و کسر از مانده سود انباشته ترازنامه | J85: ماده ۲۴۰ لایحه اصلاحی قانون تجارت و استانداردها
A86: T085 | B86: ۹. حقوق صاحبان سهام و جاری شرکا | C86: تخصیص ۵ درصد سود سالانه به اندوخته قانونی الزامی | D86: سود انباشته شرکت | E86: اندوخته قانونی سهامداران | F86: 20000000 | G86: حقوق صاحبان سهام شرکت | H86: پایان سال مالی | I86: انتقال سهم الزامی سود سالانه تا سقف ۱۰ درصد کل سرمایه ثبت‌شده شرکت | J86: مواد ۱۴۰ و ۲۳۸ لایحه اصلاحی قانون تجارت
A87: T086 | B87: ۹. حقوق صاحبان سهام و جاری شرکا | C87: تسویه سهم‌الشرکه شریک خروجی با نقد و چک مدت‌دار | D87: سرمایه / سهم‌الشرکه شریک مستعفی (۱۲۰ م) | E87: بانک (۶۰ م) + اسناد پرداختنی تجاری (۶۰ م) | F87: 120000000 | G87: شریک مستعفی (شخص ثالث جدید) | H87: سررسید چک ۶ ماه بعد | I87: کاهش سرمایه ثبت‌شده با اصلاحات اساسنامه و ثبت بدهی اسنادی شرکت | J87: قانون تجارت در باب شرکت‌های با مسئولیت محدود و تضامنی
A88: T087 | B88: ۹. حقوق صاحبان سهام و جاری شرکا | C88: واگذاری خودروی شخصی توسط سهامدار به ناوگان شرکت | D88: دارایی ثابت وسایط نقلیه (یا هزینه اجاره) | E88: سرمایه غیرنقدی یا حساب جاری شرکا | F88: نامشخص | G88: آقای احمدی (سهامدار خودرو) | H88: دوره جاری | I88: طرح سؤال تفکیک: قرارداد اجاره خودرو است یا انتقال مالکیت و آورده غیرنقدی سرمایه؟ | J88: قانون تجارت و استانداردهای ارزش‌گذاری آورده‌های غیرنقد
A89: T088 | B89: ۹. حقوق صاحبان سهام و جاری شرکا | C89: بستن حساب خلاصه سود و زیان و شناسایی زیان انباشته دوره | D89: سود (زیان) انباشته شرکت | E89: حساب خلاصه سود و زیان دوره مالی | F89: 150000000 | G89: حقوق صاحبان سهام شرکت | H89: پایان دوره مالی | I89: انتقال مانده زیانده به سرفصل زیان انباشته با هشدار ماده ۱۴۱ قانون تجارت | J89: ماده ۱۴۱ لایحه اصلاحی قانون تجارت و استاندارد ۱
A90: T089 | B90: ۹. حقوق صاحبان سهام و جاری شرکا | C90: تبدیل مطالبات حال‌شده سهامداران به افزایش سرمایه رسمی | D90: جاری شرکا و سهامداران (بستانکاران شرکت) | E90: سرمایه ثبت‌شده و پرداخت‌شده شرکت | F90: 200000000 | G90: سهامداران دارای مطالبات حال‌شده | H90: مجمع عمومی فوق‌العاده | I90: بستن مطالبات جاری سهامداران و صدور برگه سهام جدید پس از ثبت در اداره ثبت شرکت‌ها | J90: ماده ۱۵۸ لایحه اصلاحی قانون تجارت
A91: T090 | B91: ۹. حقوق صاحبان سهام و جاری شرکا | C91: برداشت غیررسمی سهامدار از سود سنواتی بدون تصویب مجمع | D91: جاری شرکا و سهامداران (بدهکار) | E91: صندوق نقد / بانک شرکت | F91: 10000000 | G91: سهامدار متقاضی برداشت | H91: دوره مالی قبل | I91: رد شناسایی تقسیم سود بدون صورتجلسه مجمع؛ ثبت بدهکاری مستقیم جاری شریک | J91: ماده ۲۴۰ لایحه اصلاحی قانون تجارت و مسئولیت کیفری سود موهوم
A92: T091 | B92: ۱۰. تهاتر، تسویه و مطالبات غیرنقد | C92: تهاتر پایاپای کالا با کالا بدون انتقال وجه نقد | D92: موجودی مواد اولیه (ورق آهن ۶۰ م) + حساب‌های دریافتنی (۶۰ م) | E92: درآمد فروش کالا (۶۰ م) + حساب‌های پرداختنی (۶۰ م) | F92: 60000000 | G92: شرکت فولادسازان | H92: روز جاری | I92: ثبت همزمان خرید و فروش رسمی در سامانه مودیان و تهاتر حساب‌های فی‌مابین | J92: استاندارد حسابداری ۳ (معاملات معاوضه‌ای) و قانون پایانه‌ها
A93: T092 | B93: ۱۰. تهاتر، تسویه و مطالبات غیرنقد | C93: تسویه مطالبات از مشتری با دریافت خودرو و پرداخت سرانه نقد | D93: دارایی ثابت وسایط نقلیه (وانت پراید ۱۰۰ م) | E93: حساب دریافتنی (۸۰ م) + بانک شرکت (۲۰ م) | F93: 100000000 | G93: آقای سلطانی (مشتری) | H93: روز جاری | I93: ثبت ورود دارایی نقلیه، بستن طلب بدهکار تجاری و پرداخت مابه‌التفاوت از بانک | J93: استاندارد حسابداری ۱۱ و استانداردهای تسویه غیرنقدی مطالبات
A94: T093 | B94: ۱۰. تهاتر، تسویه و مطالبات غیرنقد | C94: تهاتر طلب با بدهی به همراه تخفیف بخشیده شده بستانکار | D94: حساب‌های پرداختنی تجاری (۵۰ م) | E94: حساب‌های دریافتنی تجاری (۴۵ م) + سایر درآمدها (۵ م) | F94: 50000000 | G94: تامین‌کننده و مشتری تجاری | H94: روز جاری | I94: تهاتر دو حساب با حواله کردن مطالبات و شناسایی درآمد تخفیف تسویه | J94: قانون مدنی در باب عقد حواله و تهاتر بدهی‌ها
A95: T094 | B95: ۱۰. تهاتر، تسویه و مطالبات غیرنقد | C95: توافق تسویه بدهی با ضایعات بدون وزن‌کشی و نرخ‌گذاری قطعی | D95: حساب‌های پرداختنی یا ضایعات امانی (مشروط) | E95: موجودی ضایعات انبار | F95: 30000000 | G95: پیمانکار خدمات کارخانه | H95: موقت تا باسکول | I95: طرح سؤال: وزن دقیق در قبض باسکول چیست؟ فاکتور ضایعات صادر شده یا نه؟ | J95: آیین‌نامه انبارداری و اصول اندازه‌گیری عینی معاملات
A96: T095 | B96: ۱۰. تهاتر، تسویه و مطالبات غیرنقد | C96: تسویه بدهی اجاره از طریق تحویل محصولات تجاری شرکت | D96: حساب‌های پرداختنی هزینه اجاره (۵۰ م) | E96: درآمد فروش محصولات تجاری (۵۰ م) | F96: 50000000 | G96: موجر دفتر ساختمان مرکزی | H96: دوره جاری | I96: صدور فاکتور فروش قانونی و تسویه بدهی معوق اجاره بدون تراکنش بانکی | J96: قانون پایانه‌های فروشگاهی و استانداردهای تهاتر تعهدات
A97: T096 | B97: ۱۰. تهاتر، تسویه و مطالبات غیرنقد | C97: تهاتر سه‌جانبه زنجیره‌ای بدهی‌ها و مطالبات اشخاص | D97: حساب‌های پرداختنی تجاری (آقای حسینی ۴۰ م) | E97: حساب‌های دریافتنی تجاری (آقای کریمی ۴۰ م) | F97: 40000000 | G97: آقای حسینی، آقای کریمی، شرکت | H97: روز جاری | I97: اخذ صورت‌جلسه کتبی توافق صلح سه‌جانبه و بستن همزمان بستانکار و بدهکار شرکت | J97: مواد ۲۹۴ تا ۲۹۹ قانون مدنی (تهاتر قهری و قراردادی)
A98: T097 | B98: ۱۰. تهاتر، تسویه و مطالبات غیرنقد | C98: پیشنهاد واگذاری زمین فاقد سند رسمی به جای طلب تجاری | D98: نامشخص (عدم امکان تایید انتقال مالکیت) | E98: نامشخص | F98: 100000000 | G98: مشتری بدهکار فاقد نقدینگی | H98: روز جاری | I98: هشدار شدید: املاک قولنامه‌ای ریسک معامله معارض دارد؛ تسویه قطعی ممنوع است | J98: قانون الزام به ثبت رسمی معاملات اموال غیرمنقول (مصوب ۱۴۰۳)
A99: T098 | B99: ۱۰. تهاتر، تسویه و مطالبات غیرنقد | C99: تهاتر مطالبات بین‌گروهی شرکت مادر و تابعه با مازاد نقدی | D99: حساب‌های پرداختنی گروه (۲۵ م) + موجودی بانک (۵ م) | E99: حساب‌های دریافتنی تجاری (شرکت البرز ۳۰ م) | F99: 30000000 | G99: شرکت البرز و شرکت تابعه گروه البرز | H99: روز جاری | I99: تفکیک مطالبات و بدهی‌های تجاری درون‌گروهی به همراه وصول نقدی مابقی | J99: استاندارد حسابداری ۱۸ (صورت‌های مالی تلفیقی)
A100: T099 | B100: ۱۰. تهاتر، تسویه و مطالبات غیرنقد | C100: تسویه مطالبات با دریافت چک صیادی شخص ثالث ظهرنویسی‌شده | D100: اسناد دریافتنی تجاری نزد صندوق (چک شخص ثالث) | E100: حساب‌های دریافتنی تجاری (مشتری اصلی) | F100: 60000000 | G100: مشتری اصلی و شخص ثالث صادرکننده چک | H100: سررسید ۳ ماهه آینده | I100: تطبیق تاییدیه انتقال در سامانه صیاد بانک مرکزی و ثبت تعهد تضمین مشتری اصلی | J100: قانون جدید چک و مواد ۳۱۵ و ۳۱۷ قانون تجارت
A101: T100 | B101: ۱۰. تهاتر، تسویه و مطالبات غیرنقد | C101: دستور تسویه حساب مبهم بین دو شریک بدون مدارک و مبلغ | D101: نامشخص (رد صدور سند حسابداری) | E101: نامشخص | F101: نامشخص | G101: دو شریک تجاری کارگاه | H101: نامشخص | I101: رد قاطع ثبت به دلیل نقض ماده ۶ قانون تجارت و نبود ارقام و اسناد توافق کتبی | J101: قانون تجارت و اصول بنیادین حسابداری دوطرفه
A102: T101 | B102: ۱۱. اصلاح اشتباهات و تعدیلات سنواتی | C102: اصلاح اشتباه ثبتی افزایش مبلغ فاکتور خرید در دفاتر | D102: حساب‌های پرداختنی تجاری فروشنده (۹ م) | E102: موجودی کالا / خرید مواد و کالا (۹ م) | F102: 9000000 | G102: تامین‌کننده کالا | H102: دوره مالی جاری | I102: صدور سند اصلاحی معکوس به میزان مابه‌التفاوت ۹ میلیون تومانی جهت تطبیق با فاکتور | J102: استاندارد حسابداری ۶ (تعدیلات و اصلاح اشتباهات)
A103: T102 | B103: ۱۱. اصلاح اشتباهات و تعدیلات سنواتی | C103: اصلاح طبقه هزینه حمل که اشتباهاً به حساب فروشنده رفته بود | D103: هزینه حمل و باربری / بهای کالا (۳ م) | E103: حساب‌های پرداختنی تجاری فروشنده (۳ م) | F103: 3000000 | G103: شرکت باربری و فروشنده کالا | H103: دوره مالی جاری | I103: انتقال ردیف به هزینه واقعی و اصلاح کاردکس بستانکاری فروشنده | J103: اصول ثبت‌های اصلاحی و استانداردهای گزارشگری مالی
A104: T103 | B104: ۱۱. اصلاح اشتباهات و تعدیلات سنواتی | C104: کشف فاکتور فروش دوره مالی قبل که در دفاتر جا افتاده بود | D104: حساب‌های دریافتنی تجاری (مشتری ۴۵ م) | E104: سود و زیان انباشته (تعدیلات سنواتی ۴۵ م) | F104: 45000000 | G104: مشتری دوره مالی گذشته | H104: سال قبل (اصلاح در سال جاری) | I104: ثبت در حساب تعدیلات سنواتی طبق استاندارد ۶ به جای درآمد فروش جاری | J104: استاندارد حسابداری ۶ و ارائه مجدد ارقام مقایسه‌ای صورت‌ها
A105: T104 | B105: ۱۱. اصلاح اشتباهات و تعدیلات سنواتی | C105: درخواست سندسازی و تغییر سرفصل برای فریب ممیز مالیاتی | D105: نامشخص (رد تقلب مالیاتی) | E105: نامشخص | F105: نامشخص | G105: اداره امور مالیاتی ممیزی | H105: دوره مالی گذشته | I105: رد قاطع دستکاری اسناد گذشته و اخطار عواقب کیفری و مالیاتی جرایم کتمان درآمد | J105: ماده ۲۰۱ و ۲۷۴ قانون مالیات‌های مستقیم (جرم مالیاتی)
A106: T105 | B106: ۱۱. اصلاح اشتباهات و تعدیلات سنواتی | C106: اصلاح طبقه سود بانکی از درآمد معاف به درآمد مشمول مالیات | D106: درآمدهای غیرعملیاتی معاف مالیاتی (۸ م) | E106: درآمدهای غیرعملیاتی مشمول مالیات عملکرد (۸ م) | F106: 8000000 | G106: بانک عامل سرمایه‌گذاری | H106: سال مالی جاری | I106: تغییر طبقه درآمد جهت تطبیق با جدول معافیت‌ها و جلوگیری از رد دفاتر ممیز | J106: ماده ۱۳۲ و ۱۴۵ و جدول معافیت‌های قانون مالیات‌ها
A107: T106 | B107: ۱۱. اصلاح اشتباهات و تعدیلات سنواتی | C107: اصلاح کم‌برآوردی هزینه استهلاک دارایی سال گذشته | D107: سود و زیان انباشته (تعدیلات سنواتی استهلاک ۳۰ م) | E107: استهلاک انباشته ماشین‌آلات کارخانه (۳۰ م) | F107: 30000000 | G107: ماشین‌آلات و تجهیزات تولیدی | H107: سال قبل (کشف در سال جاری) | I107: اصلاح ارزش دفتری دارایی از طریق تعدیلات سود انباشته بدون تغییر هزینه سال جاری | J107: استاندارد حسابداری ۶ و استاندارد ۱۱ دارایی ثابت
A108: T107 | B108: ۱۱. اصلاح اشتباهات و تعدیلات سنواتی | C108: مفقودی لاشه ۵ فقره چک با سابقه ثبت بدون لاشه در سیستم | D108: حساب‌های معلق یا انتظامی (مشروط) | E108: اسناد پرداختنی ثبت‌شده صوری | F108: نامشخص | G108: حسابدار سابق و دارندگان نامشخص چک | H108: دوره‌های مالی قبل | I108: طرح سؤال و اخطار: استعلام از بانک و الزام به طی مراحل اعلام مفقودی چک در دادسرا | J108: ماده ۱۴ قانون صدور چک و آیین‌نامه تحریر دفاتر قانونی
A109: T108 | B109: ۱۱. اصلاح اشتباهات و تعدیلات سنواتی | C109: اصلاح ثبت اشتباه برگشت از فروش به عنوان تخفیف خرید | D109: برگشت از فروش و تخفیفات (۵ م) | E109: تخفیفات نقدی خرید (۵ م) | F109: 5000000 | G109: مشتری و فروشنده شرکت | H109: دوره جاری | I109: اصلاح دو سرفصل درآمدی و خرید کالا به صورت همزمان جهت تراز شدن دفاتر | J109: اصول و مبانی حسابداری دوطرفه استاندارد ایران
A110: T109 | B110: ۱۱. اصلاح اشتباهات و تعدیلات سنواتی | C110: برگشت چک وصول‌نشده که اشتباهاً هزینه ثبت شده بود | D110: حساب‌های دریافتنی تجاری مشتری (طلبکار برگشتی) | E110: سایر هزینه‌های متفرقه اداری (اصلاح هزینه) | F110: نامشخص | G110: مشتری صادرکننده چک برگشتی | H110: دوره مالی جاری | I110: احیای طلب تجاری مشتری و حذف هزینه نامربوط از صورت سود و زیان شرکت | J110: استانداردهای بدهی‌ها و مطالبات تجاری و کنترل حساب‌ها
A111: T110 | B111: ۱۱. اصلاح اشتباهات و تعدیلات سنواتی | C111: دستور غیرواقعی بالانس حساب‌ها با سند صوری ۱۰ میلیاردی | D111: نامشخص (رد صدور هرگونه سند متوازن‌کننده صوری) | E111: نامشخص | F111: 10000000000 | G111: انبار و بانک شرکت | H111: نامشخص | I111: رد مطلق و هشدار: صدور سند توازن‌ساز صوری جرم حسابرسی، جعل اسناد و فساد مالی است | J111: قانون مجازات اسلامی و ماده ۲۷۴ قانون مالیات‌های مستقیم
A112: T111 | B112: ۱۲. درآمد غیرعملیاتی، ضایعات و رویداد غیرعادی | C112: شناسایی و وصول سود ماهانه سپرده سرمایه‌گذاری بانکی | D112: موجودی حساب جاری بانک آینده | E112: درآمد غیرعملیاتی سود سپرده‌های سرمایه‌گذاری | F112: 4200000 | G112: بانک آینده (شعبه مرکزی) | H112: ماه جاری | I112: ثبت درآمد غیرعملیاتی معاف از مالیات طبق ماده ۱۴۵ قانون مالیات‌ها | J112: ماده ۱۴۵ قانون مالیات‌های مستقیم و استانداردهای مالی
A113: T112 | B113: ۱۲. درآمد غیرعملیاتی، ضایعات و رویداد غیرعادی | C113: فروش نقدی ضایعات کارتن و ملزومات کارگاه به خریدار | D113: موجودی صندوق نقد شرکت | E113: سایر درآمدهای غیرعملیاتی (درآمد حاصل از فروش ضایعات) | F113: 7000000 | G113: خریدار ضایعات بسته‌بندی | H113: روز جاری | I113: ثبت ورود نقدینگی و ثبت در درآمد غیرعملیاتی بدون کسر موجودی کالای اصلی | J113: استاندارد حسابداری ۸ و بخشنامه‌های مالیاتی فروش پسماند
A114: T113 | B114: ۱۲. درآمد غیرعملیاتی، ضایعات و رویداد غیرعادی | C114: دریافت خسارت بیمه آتش‌سوزی انبار و شناسایی زیان خالص | D114: بانک بیمه (۲۵ م) + زیان ناشی از سوانح و آتش‌سوزی (۱۵ م) | E114: موجودی مواد و کالای آسیب‌دیده (۴۰ م) | F114: 40000000 | G114: شرکت سهامی بیمه دانا | H114: روز جاری سانحه | I114: تفکیک غرامت دریافتی نقد بیمه از خالص زیان سوختگی و خروج کالا از دفاتر | J114: استاندارد حسابداری ۱۲ و ماده ۱۴۸ بند ۹ قانون مالیات‌ها
A115: T114 | B115: ۱۲. درآمد غیرعملیاتی، ضایعات و رویداد غیرعادی | C115: دریافت وجه بلاعوض حمایتی جهت تحقیقات شرکت دانش‌بنیان | D115: موجودی حساب بانک شرکت | E115: کمک‌های بلاعوض سرمایه‌ای/درآمدی (مشروط) | F115: 50000000 | G115: خیّر / نهاد حامی علم و فناوری | H115: روز جاری | I115: طرح سؤال: آیا کمک مشروط به هزینه‌کرد خاص است یا بلاعوض مطلق؟ تفکیک درآمد از آورده | J115: استاندارد حسابداری ۱۰ (حسابداری کمک‌های بلاعوض)
A116: T115 | B116: ۱۲. درآمد غیرعملیاتی، ضایعات و رویداد غیرعادی | C116: شناسایی سود تسعیر دارایی ارزی بانک در پایان سال مالی | D116: موجودی حساب بانکی درهمی (تسعیر به نرخ روز) | E116: درآمد غیرعملیاتی ناشی از تسعیر دارایی‌های ارزی | F116: 30000000 | G116: بانک عامل ارزی خارجی | H116: پایان دوره مالی | I116: محاسبه تفاوت نرخ ارز ابتدا و انتهای دوره و ثبت درآمد تسعیر در سود و زیان | J116: استاندارد حسابداری ۱۶ (آثار تغییرات در نرخ ارز) و ماده ۱۳۶ ق.م.م
A117: T116 | B117: ۱۲. درآمد غیرعملیاتی، ضایعات و رویداد غیرعادی | C117: فروش نقدی دستگاه مستعمل مستهلک‌شده در مزایده کارگاه | D117: موجودی حساب بانک کارخانه | E117: سایر درآمدهای عملیاتی/غیرعملیاتی فروش ماشین‌آلات | F117: 18000000 | G117: برنده مزایده مستعملات کارگاه | H117: روز جاری مزایده | I117: خروج رسمی از دفاتر با ارزش صفر و شناسایی کل مبلغ دریافتی به عنوان سود فروش دارایی | J117: استاندارد حسابداری ۱۱ (واگذاری دارایی‌های مستهلک)
A118: T117 | B118: ۱۲. درآمد غیرعملیاتی، ضایعات و رویداد غیرعادی | C118: دریافت پاداش یا حق‌العمل نامشخص از شرکت همکار | D118: موجودی بانک شرکت | E118: سایر درآمدهای عملیاتی (کارمزد و کمیسیون مشروط) | F118: 15000000 | G118: شرکت همکار بازرگانی | H118: روز جاری | I118: طرح سؤال: آیا قرارداد کمیسیون یا حق‌العمل وجود دارد؟ مالیات ارزش افزوده تعلق می‌گیرد | J118: قانون مالیات بر ارزش افزوده و ماده ۳۵۷ قانون تجارت
A119: T118 | B119: ۱۲. درآمد غیرعملیاتی، ضایعات و رویداد غیرعادی | C119: دریافت خسارت تاخیر تحویل کالا از شرکت حمل و نقل | D119: موجودی حساب جاری بانک شرکت | E119: سایر درآمدهای غیرعملیاتی (خسارات دریافتی قرارداد) | F119: 12000000 | G119: شرکت بین‌المللی حمل و باربری | H119: روز جاری داوری | I119: شناسایی درآمد غیرعملیاتی ناشی از اجرای بند خسارت و التزام قراردادی | J119: ماده ۲۲۱ و ۲۳۰ قانون مدنی و استانداردهای گزارشگری مالی
A120: T119 | B120: ۱۲. درآمد غیرعملیاتی، ضایعات و رویداد غیرعادی | C120: شناسایی زیان تسعیر بدهی ارزی پایان دوره به تامین‌کننده | D120: هزینه غیرعملیاتی ناشی از تسعیر ارز (زیان تسعیر) | E120: حساب‌های پرداختنی تجاری ارزی تامین‌کننده | F120: 35000000 | G120: تامین‌کننده قطعات خارجی | H120: پایان سال مالی | I120: تجدید ارزیابی بدهی ارزی به نرخ تسعیر حواله پایانی و شناسایی هزینه زیان تسعیر | J120: استاندارد حسابداری ۱۶ و بخشنامه‌های سازمان مالیاتی
A121: T120 | B121: ۱۲. درآمد غیرعملیاتی، ضایعات و رویداد غیرعادی | C121: واریز وجه سنگین مشکوک بدون منشأ با دستور ثبت در درآمد متفرقه | D121: نامشخص (رد ثبت واریز مشکوک به درآمد) | E121: نامشخص (حساب‌های مشکوک تعلیقی) | F121: 50000000 | G121: واریزکننده ناشناس بانکی | H121: روز جاری | I121: رد قاطع؛ اعلام مغایرت بانکی، اخطار نقض قوانین مبارزه با پولشویی و ثبت موقت انتظامی | J121: قانون مبارزه با پولشویی و استانداردهای کنترل‌های داخلی بانکداری

Sheet نتایج تست و امتیازدهی
A1: کد سناریو | B1: سرفصل حسابداری (دسته) | C1: تشخیص رویداد (۰-۲۵) | D1: ثبت بدهکار/بستانکار (۰-۲۵) | E1: استخراج مبالغ (۰-۲۰) | F1: طرف‌حساب و تاریخ (۰-۱۵) | G1: مدیریت ابهام/ترکیب (۰-۱۵) | H1: نمره کل (از ۱۰۰) | I1: وضعیت ارزیابی کیفی | J1: وضعیت ثبت در تست کور | L1: ردیف | M1: نوع خطای شناسایی‌شده در موتور هوش مصنوعی | N1: تعداد رخداد | O1: درصد از کل خطاها | P1: سطح ریسک حسابرسی/مالیاتی
A2: ='تست کور'!A2 | B2: ='تست کور'!B2 | C2: =IF(OR('تست کور'!I2="", 'تست کور'!I2="امتناع درست — قاعده‌اش در این فاز ساخته نشده"), "", IF('تست کور'!I2="قبولی کامل (Pass)", 25, IF('تست کور'!J2="خطا در تشخیص ماهیت رویداد", 0, IF('تست کور'!I2="قبولی مشروط (Conditional)", 20, 15)))) | D2: =IF(OR('تست کور'!I2="", 'تست کور'!I2="امتناع درست — قاعده‌اش در این فاز ساخته نشده"), "", IF('تست کور'!I2="قبولی کامل (Pass)", 25, IF(OR('تست کور'!J2="جابجایی یا اشتباه بدهکار/بستانکار", 'تست کور'!I2="خطا در تشخیص سرفصل"), 0, IF('تست کور'!I2="قبولی مشروط (Conditional)", 18, 10)))) | E2: =IF(OR('تست کور'!I2="", 'تست کور'!I2="امتناع درست — قاعده‌اش در این فاز ساخته نشده"), "", IF('تست کور'!I2="قبولی کامل (Pass)", 20, IF(OR('تست کور'!J2="استخراج اشتباه مبلغ یا ارقام", 'تست کور'!I2="خطا در استخراج مبلغ"), 0, IF('تست کور'!I2="قبولی مشروط (Conditional)", 15, 12)))) | F2: =IF(OR('تست کور'!I2="", 'تست کور'!I2="امتناع درست — قاعده‌اش در این فاز ساخته نشده"), "", IF('تست کور'!I2="قبولی کامل (Pass)", 15, IF('تست کور'!J2="عدم تشخیص سررسید یا طرف‌حساب", 0, IF('تست کور'!I2="قبولی مشروط (Conditional)", 11, 10)))) | G2: =IF(OR('تست کور'!I2="", 'تست کور'!I2="امتناع درست — قاعده‌اش در این فاز ساخته نشده"), "", IF('تست کور'!I2="قبولی کامل (Pass)", 15, IF(OR('تست کور'!J2="عدم طرح سؤال در سناریوی مبهم", 'تست کور'!J2="طرح سؤال تکمیلی غلط و توهم اطلاعات", 'تست کور'!I2="سؤال تکمیلی نامربوط/توهم", 'تست کور'!I2="سکوت اشتباه در ابهام"), 0, IF(OR('تست کور'!J2="از قلم افتادن بخش دوم در جمله مرکب", 'تست کور'!I2="عدم تفکیک رویدادها"), 3, IF('تست کور'!I2="قبولی مشروط (Conditional)", 11, 8))))) | H2: =IF(C2="", "", C2+D2+E2+F2+G2) | I2: =IF(H2="", "در انتظار آزمون", IF(H2>=85, "قبولی ممتاز (Passed)", IF(H2>=70, "قبولی متوسط (Acceptable)", IF(H2>=50, "نیازمند بازآموزی (Retrain)", "مردود (Failed)")))) | J2: =IF('تست کور'!I2="", "تست نشده", 'تست کور'!I2) | L2: ۱ | M2: خطا در تشخیص ماهیت رویداد | N2: =COUNTIF('تست کور'!$J$2:$J$121, M2) | O2: =IF(SUM($N$2:$N$9)=0, 0, N2/SUM($N$2:$N$9)) | P2: بسیار بالا (رد دفاتر قانونی)
A3: ='تست کور'!A3 | B3: ='تست کور'!B3 | C3: =IF(OR('تست کور'!I3="", 'تست کور'!I3="امتناع درست — قاعده‌اش در این فاز ساخته نشده"), "", IF('تست کور'!I3="قبولی کامل (Pass)", 25, IF('تست کور'!J3="خطا در تشخیص ماهیت رویداد", 0, IF('تست کور'!I3="قبولی مشروط (Conditional)", 20, 15)))) | D3: =IF(OR('تست کور'!I3="", 'تست کور'!I3="امتناع درست — قاعده‌اش در این فاز ساخته نشده"), "", IF('تست کور'!I3="قبولی کامل (Pass)", 25, IF(OR('تست کور'!J3="جابجایی یا اشتباه بدهکار/بستانکار", 'تست کور'!I3="خطا در تشخیص سرفصل"), 0, IF('تست کور'!I3="قبولی مشروط (Conditional)", 18, 10)))) | E3: =IF(OR('تست کور'!I3="", 'تست کور'!I3="امتناع درست — قاعده‌اش در این فاز ساخته نشده"), "", IF('تست کور'!I3="قبولی کامل (Pass)", 20, IF(OR('تست کور'!J3="استخراج اشتباه مبلغ یا ارقام", 'تست کور'!I3="خطا در استخراج مبلغ"), 0, IF('تست کور'!I3="قبولی مشروط (Conditional)", 15, 12)))) | F3: =IF(OR('تست کور'!I3="", 'تست کور'!I3="امتناع درست — قاعده‌اش در این فاز ساخته نشده"), "", IF('تست کور'!I3="قبولی کامل (Pass)", 15, IF('تست کور'!J3="عدم تشخیص سررسید یا طرف‌حساب", 0, IF('تست کور'!I3="قبولی مشروط (Conditional)", 11, 10)))) | G3: =IF(OR('تست کور'!I3="", 'تست کور'!I3="امتناع درست — قاعده‌اش در این فاز ساخته نشده"), "", IF('تست کور'!I3="قبولی کامل (Pass)", 15, IF(OR('تست کور'!J3="عدم طرح سؤال در سناریوی مبهم", 'تست کور'!J3="طرح سؤال تکمیلی غلط و توهم اطلاعات", 'تست کور'!I3="سؤال تکمیلی نامربوط/توهم", 'تست کور'!I3="سکوت اشتباه در ابهام"), 0, IF(OR('تست کور'!J3="از قلم افتادن بخش دوم در جمله مرکب", 'تست کور'!I3="عدم تفکیک رویدادها"), 3, IF('تست کور'!I3="قبولی مشروط (Conditional)", 11, 8))))) | H3: =IF(C3="", "", C3+D3+E3+F3+G3) | I3: =IF(H3="", "در انتظار آزمون", IF(H3>=85, "قبولی ممتاز (Passed)", IF(H3>=70, "قبولی متوسط (Acceptable)", IF(H3>=50, "نیازمند بازآموزی (Retrain)", "مردود (Failed)")))) | J3: =IF('تست کور'!I3="", "تست نشده", 'تست کور'!I3) | L3: ۲ | M3: جابجایی یا اشتباه بدهکار/بستانکار | N3: =COUNTIF('تست کور'!$J$2:$J$121, M3) | O3: =IF(SUM($N$2:$N$9)=0, 0, N3/SUM($N$2:$N$9)) | P3: بحرانی (برهم خوردن ترازنامه)
A4: ='تست کور'!A4 | B4: ='تست کور'!B4 | C4: =IF(OR('تست کور'!I4="", 'تست کور'!I4="امتناع درست — قاعده‌اش در این فاز ساخته نشده"), "", IF('تست کور'!I4="قبولی کامل (Pass)", 25, IF('تست کور'!J4="خطا در تشخیص ماهیت رویداد", 0, IF('تست کور'!I4="قبولی مشروط (Conditional)", 20, 15)))) | D4: =IF(OR('تست کور'!I4="", 'تست کور'!I4="امتناع درست — قاعده‌اش در این فاز ساخته نشده"), "", IF('تست کور'!I4="قبولی کامل (Pass)", 25, IF(OR('تست کور'!J4="جابجایی یا اشتباه بدهکار/بستانکار", 'تست کور'!I4="خطا در تشخیص سرفصل"), 0, IF('تست کور'!I4="قبولی مشروط (Conditional)", 18, 10)))) | E4: =IF(OR('تست کور'!I4="", 'تست کور'!I4="امتناع درست — قاعده‌اش در این فاز ساخته نشده"), "", IF('تست کور'!I4="قبولی کامل (Pass)", 20, IF(OR('تست کور'!J4="استخراج اشتباه مبلغ یا ارقام", 'تست کور'!I4="خطا در استخراج مبلغ"), 0, IF('تست کور'!I4="قبولی مشروط (Conditional)", 15, 12)))) | F4: =IF(OR('تست کور'!I4="", 'تست کور'!I4="امتناع درست — قاعده‌اش در این فاز ساخته نشده"), "", IF('تست کور'!I4="قبولی کامل (Pass)", 15, IF('تست کور'!J4="عدم تشخیص سررسید یا طرف‌حساب", 0, IF('تست کور'!I4="قبولی مشروط (Conditional)", 11, 10)))) | G4: =IF(OR('تست کور'!I4="", 'تست کور'!I4="امتناع درست — قاعده‌اش در این فاز ساخته نشده"), "", IF('تست کور'!I4="قبولی کامل (Pass)", 15, IF(OR('تست کور'!J4="عدم طرح سؤال در سناریوی مبهم", 'تست کور'!J4="طرح سؤال تکمیلی غلط و توهم اطلاعات", 'تست کور'!I4="سؤال تکمیلی نامربوط/توهم", 'تست کور'!I4="سکوت اشتباه در ابهام"), 0, IF(OR('تست کور'!J4="از قلم افتادن بخش دوم در جمله مرکب", 'تست کور'!I4="عدم تفکیک رویدادها"), 3, IF('تست کور'!I4="قبولی مشروط (Conditional)", 11, 8))))) | H4: =IF(C4="", "", C4+D4+E4+F4+G4) | I4: =IF(H4="", "در انتظار آزمون", IF(H4>=85, "قبولی ممتاز (Passed)", IF(H4>=70, "قبولی متوسط (Acceptable)", IF(H4>=50, "نیازمند بازآموزی (Retrain)", "مردود (Failed)")))) | J4: =IF('تست کور'!I4="", "تست نشده", 'تست کور'!I4) | L4: ۳ | M4: استخراج اشتباه مبلغ یا ارقام | N4: =COUNTIF('تست کور'!$J$2:$J$121, M4) | O4: =IF(SUM($N$2:$N$9)=0, 0, N4/SUM($N$2:$N$9)) | P4: بحرانی (مغایرت مالی شدید)
A5: ='تست کور'!A5 | B5: ='تست کور'!B5 | C5: =IF(OR('تست کور'!I5="", 'تست کور'!I5="امتناع درست — قاعده‌اش در این فاز ساخته نشده"), "", IF('تست کور'!I5="قبولی کامل (Pass)", 25, IF('تست کور'!J5="خطا در تشخیص ماهیت رویداد", 0, IF('تست کور'!I5="قبولی مشروط (Conditional)", 20, 15)))) | D5: =IF(OR('تست کور'!I5="", 'تست کور'!I5="امتناع درست — قاعده‌اش در این فاز ساخته نشده"), "", IF('تست کور'!I5="قبولی کامل (Pass)", 25, IF(OR('تست کور'!J5="جابجایی یا اشتباه بدهکار/بستانکار", 'تست کور'!I5="خطا در تشخیص سرفصل"), 0, IF('تست کور'!I5="قبولی مشروط (Conditional)", 18, 10)))) | E5: =IF(OR('تست کور'!I5="", 'تست کور'!I5="امتناع درست — قاعده‌اش در این فاز ساخته نشده"), "", IF('تست کور'!I5="قبولی کامل (Pass)", 20, IF(OR('تست کور'!J5="استخراج اشتباه مبلغ یا ارقام", 'تست کور'!I5="خطا در استخراج مبلغ"), 0, IF('تست کور'!I5="قبولی مشروط (Conditional)", 15, 12)))) | F5: =IF(OR('تست کور'!I5="", 'تست کور'!I5="امتناع درست — قاعده‌اش در این فاز ساخته نشده"), "", IF('تست کور'!I5="قبولی کامل (Pass)", 15, IF('تست کور'!J5="عدم تشخیص سررسید یا طرف‌حساب", 0, IF('تست کور'!I5="قبولی مشروط (Conditional)", 11, 10)))) | G5: =IF(OR('تست کور'!I5="", 'تست کور'!I5="امتناع درست — قاعده‌اش در این فاز ساخته نشده"), "", IF('تست کور'!I5="قبولی کامل (Pass)", 15, IF(OR('تست کور'!J5="عدم طرح سؤال در سناریوی مبهم", 'تست کور'!J5="طرح سؤال تکمیلی غلط و توهم اطلاعات", 'تست کور'!I5="سؤال تکمیلی نامربوط/توهم", 'تست کور'!I5="سکوت اشتباه در ابهام"), 0, IF(OR('تست کور'!J5="از قلم افتادن بخش دوم در جمله مرکب", 'تست کور'!I5="عدم تفکیک رویدادها"), 3, IF('تست کور'!I5="قبولی مشروط (Conditional)", 11, 8))))) | H5: =IF(C5="", "", C5+D5+E5+F5+G5) | I5: =IF(H5="", "در انتظار آزمون", IF(H5>=85, "قبولی ممتاز (Passed)", IF(H5>=70, "قبولی متوسط (Acceptable)", IF(H5>=50, "نیازمند بازآموزی (Retrain)", "مردود (Failed)")))) | J5: =IF('تست کور'!I5="", "تست نشده", 'تست کور'!I5) | L5: ۴ | M5: از قلم افتادن بخش دوم در جمله مرکب | N5: =COUNTIF('تست کور'!$J$2:$J$121, M5) | O5: =IF(SUM($N$2:$N$9)=0, 0, N5/SUM($N$2:$N$9)) | P5: بالا (تحریف واقعیت معامله)
A6: ='تست کور'!A6 | B6: ='تست کور'!B6 | C6: =IF(OR('تست کور'!I6="", 'تست کور'!I6="امتناع درست — قاعده‌اش در این فاز ساخته نشده"), "", IF('تست کور'!I6="قبولی کامل (Pass)", 25, IF('تست کور'!J6="خطا در تشخیص ماهیت رویداد", 0, IF('تست کور'!I6="قبولی مشروط (Conditional)", 20, 15)))) | D6: =IF(OR('تست کور'!I6="", 'تست کور'!I6="امتناع درست — قاعده‌اش در این فاز ساخته نشده"), "", IF('تست کور'!I6="قبولی کامل (Pass)", 25, IF(OR('تست کور'!J6="جابجایی یا اشتباه بدهکار/بستانکار", 'تست کور'!I6="خطا در تشخیص سرفصل"), 0, IF('تست کور'!I6="قبولی مشروط (Conditional)", 18, 10)))) | E6: =IF(OR('تست کور'!I6="", 'تست کور'!I6="امتناع درست — قاعده‌اش در این فاز ساخته نشده"), "", IF('تست کور'!I6="قبولی کامل (Pass)", 20, IF(OR('تست کور'!J6="استخراج اشتباه مبلغ یا ارقام", 'تست کور'!I6="خطا در استخراج مبلغ"), 0, IF('تست کور'!I6="قبولی مشروط (Conditional)", 15, 12)))) | F6: =IF(OR('تست کور'!I6="", 'تست کور'!I6="امتناع درست — قاعده‌اش در این فاز ساخته نشده"), "", IF('تست کور'!I6="قبولی کامل (Pass)", 15, IF('تست کور'!J6="عدم تشخیص سررسید یا طرف‌حساب", 0, IF('تست کور'!I6="قبولی مشروط (Conditional)", 11, 10)))) | G6: =IF(OR('تست کور'!I6="", 'تست کور'!I6="امتناع درست — قاعده‌اش در این فاز ساخته نشده"), "", IF('تست کور'!I6="قبولی کامل (Pass)", 15, IF(OR('تست کور'!J6="عدم طرح سؤال در سناریوی مبهم", 'تست کور'!J6="طرح سؤال تکمیلی غلط و توهم اطلاعات", 'تست کور'!I6="سؤال تکمیلی نامربوط/توهم", 'تست کور'!I6="سکوت اشتباه در ابهام"), 0, IF(OR('تست کور'!J6="از قلم افتادن بخش دوم در جمله مرکب", 'تست کور'!I6="عدم تفکیک رویدادها"), 3, IF('تست کور'!I6="قبولی مشروط (Conditional)", 11, 8))))) | H6: =IF(C6="", "", C6+D6+E6+F6+G6) | I6: =IF(H6="", "در انتظار آزمون", IF(H6>=85, "قبولی ممتاز (Passed)", IF(H6>=70, "قبولی متوسط (Acceptable)", IF(H6>=50, "نیازمند بازآموزی (Retrain)", "مردود (Failed)")))) | J6: =IF('تست کور'!I6="", "تست نشده", 'تست کور'!I6) | L6: ۵ | M6: عدم طرح سؤال در سناریوی مبهم | N6: =COUNTIF('تست کور'!$J$2:$J$121, M6) | O6: =IF(SUM($N$2:$N$9)=0, 0, N6/SUM($N$2:$N$9)) | P6: بالا (ثبت خودسرانه بدون مدرک)
A7: ='تست کور'!A7 | B7: ='تست کور'!B7 | C7: =IF(OR('تست کور'!I7="", 'تست کور'!I7="امتناع درست — قاعده‌اش در این فاز ساخته نشده"), "", IF('تست کور'!I7="قبولی کامل (Pass)", 25, IF('تست کور'!J7="خطا در تشخیص ماهیت رویداد", 0, IF('تست کور'!I7="قبولی مشروط (Conditional)", 20, 15)))) | D7: =IF(OR('تست کور'!I7="", 'تست کور'!I7="امتناع درست — قاعده‌اش در این فاز ساخته نشده"), "", IF('تست کور'!I7="قبولی کامل (Pass)", 25, IF(OR('تست کور'!J7="جابجایی یا اشتباه بدهکار/بستانکار", 'تست کور'!I7="خطا در تشخیص سرفصل"), 0, IF('تست کور'!I7="قبولی مشروط (Conditional)", 18, 10)))) | E7: =IF(OR('تست کور'!I7="", 'تست کور'!I7="امتناع درست — قاعده‌اش در این فاز ساخته نشده"), "", IF('تست کور'!I7="قبولی کامل (Pass)", 20, IF(OR('تست کور'!J7="استخراج اشتباه مبلغ یا ارقام", 'تست کور'!I7="خطا در استخراج مبلغ"), 0, IF('تست کور'!I7="قبولی مشروط (Conditional)", 15, 12)))) | F7: =IF(OR('تست کور'!I7="", 'تست کور'!I7="امتناع درست — قاعده‌اش در این فاز ساخته نشده"), "", IF('تست کور'!I7="قبولی کامل (Pass)", 15, IF('تست کور'!J7="عدم تشخیص سررسید یا طرف‌حساب", 0, IF('تست کور'!I7="قبولی مشروط (Conditional)", 11, 10)))) | G7: =IF(OR('تست کور'!I7="", 'تست کور'!I7="امتناع درست — قاعده‌اش در این فاز ساخته نشده"), "", IF('تست کور'!I7="قبولی کامل (Pass)", 15, IF(OR('تست کور'!J7="عدم طرح سؤال در سناریوی مبهم", 'تست کور'!J7="طرح سؤال تکمیلی غلط و توهم اطلاعات", 'تست کور'!I7="سؤال تکمیلی نامربوط/توهم", 'تست کور'!I7="سکوت اشتباه در ابهام"), 0, IF(OR('تست کور'!J7="از قلم افتادن بخش دوم در جمله مرکب", 'تست کور'!I7="عدم تفکیک رویدادها"), 3, IF('تست کور'!I7="قبولی مشروط (Conditional)", 11, 8))))) | H7: =IF(C7="", "", C7+D7+E7+F7+G7) | I7: =IF(H7="", "در انتظار آزمون", IF(H7>=85, "قبولی ممتاز (Passed)", IF(H7>=70, "قبولی متوسط (Acceptable)", IF(H7>=50, "نیازمند بازآموزی (Retrain)", "مردود (Failed)")))) | J7: =IF('تست کور'!I7="", "تست نشده", 'تست کور'!I7) | L7: ۶ | M7: طرح سؤال تکمیلی غلط و توهم اطلاعات | N7: =COUNTIF('تست کور'!$J$2:$J$121, M7) | O7: =IF(SUM($N$2:$N$9)=0, 0, N7/SUM($N$2:$N$9)) | P7: متوسط (تضعیف تجربه کاربری)
A8: ='تست کور'!A8 | B8: ='تست کور'!B8 | C8: =IF(OR('تست کور'!I8="", 'تست کور'!I8="امتناع درست — قاعده‌اش در این فاز ساخته نشده"), "", IF('تست کور'!I8="قبولی کامل (Pass)", 25, IF('تست کور'!J8="خطا در تشخیص ماهیت رویداد", 0, IF('تست کور'!I8="قبولی مشروط (Conditional)", 20, 15)))) | D8: =IF(OR('تست کور'!I8="", 'تست کور'!I8="امتناع درست — قاعده‌اش در این فاز ساخته نشده"), "", IF('تست کور'!I8="قبولی کامل (Pass)", 25, IF(OR('تست کور'!J8="جابجایی یا اشتباه بدهکار/بستانکار", 'تست کور'!I8="خطا در تشخیص سرفصل"), 0, IF('تست کور'!I8="قبولی مشروط (Conditional)", 18, 10)))) | E8: =IF(OR('تست کور'!I8="", 'تست کور'!I8="امتناع درست — قاعده‌اش در این فاز ساخته نشده"), "", IF('تست کور'!I8="قبولی کامل (Pass)", 20, IF(OR('تست کور'!J8="استخراج اشتباه مبلغ یا ارقام", 'تست کور'!I8="خطا در استخراج مبلغ"), 0, IF('تست کور'!I8="قبولی مشروط (Conditional)", 15, 12)))) | F8: =IF(OR('تست کور'!I8="", 'تست کور'!I8="امتناع درست — قاعده‌اش در این فاز ساخته نشده"), "", IF('تست کور'!I8="قبولی کامل (Pass)", 15, IF('تست کور'!J8="عدم تشخیص سررسید یا طرف‌حساب", 0, IF('تست کور'!I8="قبولی مشروط (Conditional)", 11, 10)))) | G8: =IF(OR('تست کور'!I8="", 'تست کور'!I8="امتناع درست — قاعده‌اش در این فاز ساخته نشده"), "", IF('تست کور'!I8="قبولی کامل (Pass)", 15, IF(OR('تست کور'!J8="عدم طرح سؤال در سناریوی مبهم", 'تست کور'!J8="طرح سؤال تکمیلی غلط و توهم اطلاعات", 'تست کور'!I8="سؤال تکمیلی نامربوط/توهم", 'تست کور'!I8="سکوت اشتباه در ابهام"), 0, IF(OR('تست کور'!J8="از قلم افتادن بخش دوم در جمله مرکب", 'تست کور'!I8="عدم تفکیک رویدادها"), 3, IF('تست کور'!I8="قبولی مشروط (Conditional)", 11, 8))))) | H8: =IF(C8="", "", C8+D8+E8+F8+G8) | I8: =IF(H8="", "در انتظار آزمون", IF(H8>=85, "قبولی ممتاز (Passed)", IF(H8>=70, "قبولی متوسط (Acceptable)", IF(H8>=50, "نیازمند بازآموزی (Retrain)", "مردود (Failed)")))) | J8: =IF('تست کور'!I8="", "تست نشده", 'تست کور'!I8) | L8: ۷ | M8: عدم تشخیص سررسید یا طرف‌حساب | N8: =COUNTIF('تست کور'!$J$2:$J$121, M8) | O8: =IF(SUM($N$2:$N$9)=0, 0, N8/SUM($N$2:$N$9)) | P8: بالا (مشکل در وصول مطالبات)
A9: ='تست کور'!A9 | B9: ='تست کور'!B9 | C9: =IF(OR('تست کور'!I9="", 'تست کور'!I9="امتناع درست — قاعده‌اش در این فاز ساخته نشده"), "", IF('تست کور'!I9="قبولی کامل (Pass)", 25, IF('تست کور'!J9="خطا در تشخیص ماهیت رویداد", 0, IF('تست کور'!I9="قبولی مشروط (Conditional)", 20, 15)))) | D9: =IF(OR('تست کور'!I9="", 'تست کور'!I9="امتناع درست — قاعده‌اش در این فاز ساخته نشده"), "", IF('تست کور'!I9="قبولی کامل (Pass)", 25, IF(OR('تست کور'!J9="جابجایی یا اشتباه بدهکار/بستانکار", 'تست کور'!I9="خطا در تشخیص سرفصل"), 0, IF('تست کور'!I9="قبولی مشروط (Conditional)", 18, 10)))) | E9: =IF(OR('تست کور'!I9="", 'تست کور'!I9="امتناع درست — قاعده‌اش در این فاز ساخته نشده"), "", IF('تست کور'!I9="قبولی کامل (Pass)", 20, IF(OR('تست کور'!J9="استخراج اشتباه مبلغ یا ارقام", 'تست کور'!I9="خطا در استخراج مبلغ"), 0, IF('تست کور'!I9="قبولی مشروط (Conditional)", 15, 12)))) | F9: =IF(OR('تست کور'!I9="", 'تست کور'!I9="امتناع درست — قاعده‌اش در این فاز ساخته نشده"), "", IF('تست کور'!I9="قبولی کامل (Pass)", 15, IF('تست کور'!J9="عدم تشخیص سررسید یا طرف‌حساب", 0, IF('تست کور'!I9="قبولی مشروط (Conditional)", 11, 10)))) | G9: =IF(OR('تست کور'!I9="", 'تست کور'!I9="امتناع درست — قاعده‌اش در این فاز ساخته نشده"), "", IF('تست کور'!I9="قبولی کامل (Pass)", 15, IF(OR('تست کور'!J9="عدم طرح سؤال در سناریوی مبهم", 'تست کور'!J9="طرح سؤال تکمیلی غلط و توهم اطلاعات", 'تست کور'!I9="سؤال تکمیلی نامربوط/توهم", 'تست کور'!I9="سکوت اشتباه در ابهام"), 0, IF(OR('تست کور'!J9="از قلم افتادن بخش دوم در جمله مرکب", 'تست کور'!I9="عدم تفکیک رویدادها"), 3, IF('تست کور'!I9="قبولی مشروط (Conditional)", 11, 8))))) | H9: =IF(C9="", "", C9+D9+E9+F9+G9) | I9: =IF(H9="", "در انتظار آزمون", IF(H9>=85, "قبولی ممتاز (Passed)", IF(H9>=70, "قبولی متوسط (Acceptable)", IF(H9>=50, "نیازمند بازآموزی (Retrain)", "مردود (Failed)")))) | J9: =IF('تست کور'!I9="", "تست نشده", 'تست کور'!I9) | L9: ۸ | M9: عدم رعایت کنترل‌های داخلی و مالیاتی | N9: =COUNTIF('تست کور'!$J$2:$J$121, M9) | O9: =IF(SUM($N$2:$N$9)=0, 0, N9/SUM($N$2:$N$9)) | P9: بسیار بالا (جرایم ماده ۱۶۹ و مودیان)
A10: ='تست کور'!A10 | B10: ='تست کور'!B10 | C10: =IF(OR('تست کور'!I10="", 'تست کور'!I10="امتناع درست — قاعده‌اش در این فاز ساخته نشده"), "", IF('تست کور'!I10="قبولی کامل (Pass)", 25, IF('تست کور'!J10="خطا در تشخیص ماهیت رویداد", 0, IF('تست کور'!I10="قبولی مشروط (Conditional)", 20, 15)))) | D10: =IF(OR('تست کور'!I10="", 'تست کور'!I10="امتناع درست — قاعده‌اش در این فاز ساخته نشده"), "", IF('تست کور'!I10="قبولی کامل (Pass)", 25, IF(OR('تست کور'!J10="جابجایی یا اشتباه بدهکار/بستانکار", 'تست کور'!I10="خطا در تشخیص سرفصل"), 0, IF('تست کور'!I10="قبولی مشروط (Conditional)", 18, 10)))) | E10: =IF(OR('تست کور'!I10="", 'تست کور'!I10="امتناع درست — قاعده‌اش در این فاز ساخته نشده"), "", IF('تست کور'!I10="قبولی کامل (Pass)", 20, IF(OR('تست کور'!J10="استخراج اشتباه مبلغ یا ارقام", 'تست کور'!I10="خطا در استخراج مبلغ"), 0, IF('تست کور'!I10="قبولی مشروط (Conditional)", 15, 12)))) | F10: =IF(OR('تست کور'!I10="", 'تست کور'!I10="امتناع درست — قاعده‌اش در این فاز ساخته نشده"), "", IF('تست کور'!I10="قبولی کامل (Pass)", 15, IF('تست کور'!J10="عدم تشخیص سررسید یا طرف‌حساب", 0, IF('تست کور'!I10="قبولی مشروط (Conditional)", 11, 10)))) | G10: =IF(OR('تست کور'!I10="", 'تست کور'!I10="امتناع درست — قاعده‌اش در این فاز ساخته نشده"), "", IF('تست کور'!I10="قبولی کامل (Pass)", 15, IF(OR('تست کور'!J10="عدم طرح سؤال در سناریوی مبهم", 'تست کور'!J10="طرح سؤال تکمیلی غلط و توهم اطلاعات", 'تست کور'!I10="سؤال تکمیلی نامربوط/توهم", 'تست کور'!I10="سکوت اشتباه در ابهام"), 0, IF(OR('تست کور'!J10="از قلم افتادن بخش دوم در جمله مرکب", 'تست کور'!I10="عدم تفکیک رویدادها"), 3, IF('تست کور'!I10="قبولی مشروط (Conditional)", 11, 8))))) | H10: =IF(C10="", "", C10+D10+E10+F10+G10) | I10: =IF(H10="", "در انتظار آزمون", IF(H10>=85, "قبولی ممتاز (Passed)", IF(H10>=70, "قبولی متوسط (Acceptable)", IF(H10>=50, "نیازمند بازآموزی (Retrain)", "مردود (Failed)")))) | J10: =IF('تست کور'!I10="", "تست نشده", 'تست کور'!I10) | L10: - | M10: مجموع خطاهای شناسایی‌شده | N10: =SUM(N2:N9) | O10: =SUM(O2:O9) | P10: شاخص قابلیت اطمینان سیستم
A11: ='تست کور'!A11 | B11: ='تست کور'!B11 | C11: =IF(OR('تست کور'!I11="", 'تست کور'!I11="امتناع درست — قاعده‌اش در این فاز ساخته نشده"), "", IF('تست کور'!I11="قبولی کامل (Pass)", 25, IF('تست کور'!J11="خطا در تشخیص ماهیت رویداد", 0, IF('تست کور'!I11="قبولی مشروط (Conditional)", 20, 15)))) | D11: =IF(OR('تست کور'!I11="", 'تست کور'!I11="امتناع درست — قاعده‌اش در این فاز ساخته نشده"), "", IF('تست کور'!I11="قبولی کامل (Pass)", 25, IF(OR('تست کور'!J11="جابجایی یا اشتباه بدهکار/بستانکار", 'تست کور'!I11="خطا در تشخیص سرفصل"), 0, IF('تست کور'!I11="قبولی مشروط (Conditional)", 18, 10)))) | E11: =IF(OR('تست کور'!I11="", 'تست کور'!I11="امتناع درست — قاعده‌اش در این فاز ساخته نشده"), "", IF('تست کور'!I11="قبولی کامل (Pass)", 20, IF(OR('تست کور'!J11="استخراج اشتباه مبلغ یا ارقام", 'تست کور'!I11="خطا در استخراج مبلغ"), 0, IF('تست کور'!I11="قبولی مشروط (Conditional)", 15, 12)))) | F11: =IF(OR('تست کور'!I11="", 'تست کور'!I11="امتناع درست — قاعده‌اش در این فاز ساخته نشده"), "", IF('تست کور'!I11="قبولی کامل (Pass)", 15, IF('تست کور'!J11="عدم تشخیص سررسید یا طرف‌حساب", 0, IF('تست کور'!I11="قبولی مشروط (Conditional)", 11, 10)))) | G11: =IF(OR('تست کور'!I11="", 'تست کور'!I11="امتناع درست — قاعده‌اش در این فاز ساخته نشده"), "", IF('تست کور'!I11="قبولی کامل (Pass)", 15, IF(OR('تست کور'!J11="عدم طرح سؤال در سناریوی مبهم", 'تست کور'!J11="طرح سؤال تکمیلی غلط و توهم اطلاعات", 'تست کور'!I11="سؤال تکمیلی نامربوط/توهم", 'تست کور'!I11="سکوت اشتباه در ابهام"), 0, IF(OR('تست کور'!J11="از قلم افتادن بخش دوم در جمله مرکب", 'تست کور'!I11="عدم تفکیک رویدادها"), 3, IF('تست کور'!I11="قبولی مشروط (Conditional)", 11, 8))))) | H11: =IF(C11="", "", C11+D11+E11+F11+G11) | I11: =IF(H11="", "در انتظار آزمون", IF(H11>=85, "قبولی ممتاز (Passed)", IF(H11>=70, "قبولی متوسط (Acceptable)", IF(H11>=50, "نیازمند بازآموزی (Retrain)", "مردود (Failed)")))) | J11: =IF('تست کور'!I11="", "تست نشده", 'تست کور'!I11) | L11: - | M11: نرخ سناریوهای بدون خطا (Zero-Defect) | N11: =COUNTIF('تست کور'!$J$2:$J$121, "بدون خطا") | O11: =IF(COUNTA('تست کور'!$I$2:$I$121)=0, 0, N11/COUNTA('تست کور'!$I$2:$I$121)) | P11: هدف کیفی: بالای ۹۰٪
A12: ='تست کور'!A12 | B12: ='تست کور'!B12 | C12: =IF(OR('تست کور'!I12="", 'تست کور'!I12="امتناع درست — قاعده‌اش در این فاز ساخته نشده"), "", IF('تست کور'!I12="قبولی کامل (Pass)", 25, IF('تست کور'!J12="خطا در تشخیص ماهیت رویداد", 0, IF('تست کور'!I12="قبولی مشروط (Conditional)", 20, 15)))) | D12: =IF(OR('تست کور'!I12="", 'تست کور'!I12="امتناع درست — قاعده‌اش در این فاز ساخته نشده"), "", IF('تست کور'!I12="قبولی کامل (Pass)", 25, IF(OR('تست کور'!J12="جابجایی یا اشتباه بدهکار/بستانکار", 'تست کور'!I12="خطا در تشخیص سرفصل"), 0, IF('تست کور'!I12="قبولی مشروط (Conditional)", 18, 10)))) | E12: =IF(OR('تست کور'!I12="", 'تست کور'!I12="امتناع درست — قاعده‌اش در این فاز ساخته نشده"), "", IF('تست کور'!I12="قبولی کامل (Pass)", 20, IF(OR('تست کور'!J12="استخراج اشتباه مبلغ یا ارقام", 'تست کور'!I12="خطا در استخراج مبلغ"), 0, IF('تست کور'!I12="قبولی مشروط (Conditional)", 15, 12)))) | F12: =IF(OR('تست کور'!I12="", 'تست کور'!I12="امتناع درست — قاعده‌اش در این فاز ساخته نشده"), "", IF('تست کور'!I12="قبولی کامل (Pass)", 15, IF('تست کور'!J12="عدم تشخیص سررسید یا طرف‌حساب", 0, IF('تست کور'!I12="قبولی مشروط (Conditional)", 11, 10)))) | G12: =IF(OR('تست کور'!I12="", 'تست کور'!I12="امتناع درست — قاعده‌اش در این فاز ساخته نشده"), "", IF('تست کور'!I12="قبولی کامل (Pass)", 15, IF(OR('تست کور'!J12="عدم طرح سؤال در سناریوی مبهم", 'تست کور'!J12="طرح سؤال تکمیلی غلط و توهم اطلاعات", 'تست کور'!I12="سؤال تکمیلی نامربوط/توهم", 'تست کور'!I12="سکوت اشتباه در ابهام"), 0, IF(OR('تست کور'!J12="از قلم افتادن بخش دوم در جمله مرکب", 'تست کور'!I12="عدم تفکیک رویدادها"), 3, IF('تست کور'!I12="قبولی مشروط (Conditional)", 11, 8))))) | H12: =IF(C12="", "", C12+D12+E12+F12+G12) | I12: =IF(H12="", "در انتظار آزمون", IF(H12>=85, "قبولی ممتاز (Passed)", IF(H12>=70, "قبولی متوسط (Acceptable)", IF(H12>=50, "نیازمند بازآموزی (Retrain)", "مردود (Failed)")))) | J12: =IF('تست کور'!I12="", "تست نشده", 'تست کور'!I12)
A13: ='تست کور'!A13 | B13: ='تست کور'!B13 | C13: =IF(OR('تست کور'!I13="", 'تست کور'!I13="امتناع درست — قاعده‌اش در این فاز ساخته نشده"), "", IF('تست کور'!I13="قبولی کامل (Pass)", 25, IF('تست کور'!J13="خطا در تشخیص ماهیت رویداد", 0, IF('تست کور'!I13="قبولی مشروط (Conditional)", 20, 15)))) | D13: =IF(OR('تست کور'!I13="", 'تست کور'!I13="امتناع درست — قاعده‌اش در این فاز ساخته نشده"), "", IF('تست کور'!I13="قبولی کامل (Pass)", 25, IF(OR('تست کور'!J13="جابجایی یا اشتباه بدهکار/بستانکار", 'تست کور'!I13="خطا در تشخیص سرفصل"), 0, IF('تست کور'!I13="قبولی مشروط (Conditional)", 18, 10)))) | E13: =IF(OR('تست کور'!I13="", 'تست کور'!I13="امتناع درست — قاعده‌اش در این فاز ساخته نشده"), "", IF('تست کور'!I13="قبولی کامل (Pass)", 20, IF(OR('تست کور'!J13="استخراج اشتباه مبلغ یا ارقام", 'تست کور'!I13="خطا در استخراج مبلغ"), 0, IF('تست کور'!I13="قبولی مشروط (Conditional)", 15, 12)))) | F13: =IF(OR('تست کور'!I13="", 'تست کور'!I13="امتناع درست — قاعده‌اش در این فاز ساخته نشده"), "", IF('تست کور'!I13="قبولی کامل (Pass)", 15, IF('تست کور'!J13="عدم تشخیص سررسید یا طرف‌حساب", 0, IF('تست کور'!I13="قبولی مشروط (Conditional)", 11, 10)))) | G13: =IF(OR('تست کور'!I13="", 'تست کور'!I13="امتناع درست — قاعده‌اش در این فاز ساخته نشده"), "", IF('تست کور'!I13="قبولی کامل (Pass)", 15, IF(OR('تست کور'!J13="عدم طرح سؤال در سناریوی مبهم", 'تست کور'!J13="طرح سؤال تکمیلی غلط و توهم اطلاعات", 'تست کور'!I13="سؤال تکمیلی نامربوط/توهم", 'تست کور'!I13="سکوت اشتباه در ابهام"), 0, IF(OR('تست کور'!J13="از قلم افتادن بخش دوم در جمله مرکب", 'تست کور'!I13="عدم تفکیک رویدادها"), 3, IF('تست کور'!I13="قبولی مشروط (Conditional)", 11, 8))))) | H13: =IF(C13="", "", C13+D13+E13+F13+G13) | I13: =IF(H13="", "در انتظار آزمون", IF(H13>=85, "قبولی ممتاز (Passed)", IF(H13>=70, "قبولی متوسط (Acceptable)", IF(H13>=50, "نیازمند بازآموزی (Retrain)", "مردود (Failed)")))) | J13: =IF('تست کور'!I13="", "تست نشده", 'تست کور'!I13)
A14: ='تست کور'!A14 | B14: ='تست کور'!B14 | C14: =IF(OR('تست کور'!I14="", 'تست کور'!I14="امتناع درست — قاعده‌اش در این فاز ساخته نشده"), "", IF('تست کور'!I14="قبولی کامل (Pass)", 25, IF('تست کور'!J14="خطا در تشخیص ماهیت رویداد", 0, IF('تست کور'!I14="قبولی مشروط (Conditional)", 20, 15)))) | D14: =IF(OR('تست کور'!I14="", 'تست کور'!I14="امتناع درست — قاعده‌اش در این فاز ساخته نشده"), "", IF('تست کور'!I14="قبولی کامل (Pass)", 25, IF(OR('تست کور'!J14="جابجایی یا اشتباه بدهکار/بستانکار", 'تست کور'!I14="خطا در تشخیص سرفصل"), 0, IF('تست کور'!I14="قبولی مشروط (Conditional)", 18, 10)))) | E14: =IF(OR('تست کور'!I14="", 'تست کور'!I14="امتناع درست — قاعده‌اش در این فاز ساخته نشده"), "", IF('تست کور'!I14="قبولی کامل (Pass)", 20, IF(OR('تست کور'!J14="استخراج اشتباه مبلغ یا ارقام", 'تست کور'!I14="خطا در استخراج مبلغ"), 0, IF('تست کور'!I14="قبولی مشروط (Conditional)", 15, 12)))) | F14: =IF(OR('تست کور'!I14="", 'تست کور'!I14="امتناع درست — قاعده‌اش در این فاز ساخته نشده"), "", IF('تست کور'!I14="قبولی کامل (Pass)", 15, IF('تست کور'!J14="عدم تشخیص سررسید یا طرف‌حساب", 0, IF('تست کور'!I14="قبولی مشروط (Conditional)", 11, 10)))) | G14: =IF(OR('تست کور'!I14="", 'تست کور'!I14="امتناع درست — قاعده‌اش در این فاز ساخته نشده"), "", IF('تست کور'!I14="قبولی کامل (Pass)", 15, IF(OR('تست کور'!J14="عدم طرح سؤال در سناریوی مبهم", 'تست کور'!J14="طرح سؤال تکمیلی غلط و توهم اطلاعات", 'تست کور'!I14="سؤال تکمیلی نامربوط/توهم", 'تست کور'!I14="سکوت اشتباه در ابهام"), 0, IF(OR('تست کور'!J14="از قلم افتادن بخش دوم در جمله مرکب", 'تست کور'!I14="عدم تفکیک رویدادها"), 3, IF('تست کور'!I14="قبولی مشروط (Conditional)", 11, 8))))) | H14: =IF(C14="", "", C14+D14+E14+F14+G14) | I14: =IF(H14="", "در انتظار آزمون", IF(H14>=85, "قبولی ممتاز (Passed)", IF(H14>=70, "قبولی متوسط (Acceptable)", IF(H14>=50, "نیازمند بازآموزی (Retrain)", "مردود (Failed)")))) | J14: =IF('تست کور'!I14="", "تست نشده", 'تست کور'!I14)
A15: ='تست کور'!A15 | B15: ='تست کور'!B15 | C15: =IF(OR('تست کور'!I15="", 'تست کور'!I15="امتناع درست — قاعده‌اش در این فاز ساخته نشده"), "", IF('تست کور'!I15="قبولی کامل (Pass)", 25, IF('تست کور'!J15="خطا در تشخیص ماهیت رویداد", 0, IF('تست کور'!I15="قبولی مشروط (Conditional)", 20, 15)))) | D15: =IF(OR('تست کور'!I15="", 'تست کور'!I15="امتناع درست — قاعده‌اش در این فاز ساخته نشده"), "", IF('تست کور'!I15="قبولی کامل (Pass)", 25, IF(OR('تست کور'!J15="جابجایی یا اشتباه بدهکار/بستانکار", 'تست کور'!I15="خطا در تشخیص سرفصل"), 0, IF('تست کور'!I15="قبولی مشروط (Conditional)", 18, 10)))) | E15: =IF(OR('تست کور'!I15="", 'تست کور'!I15="امتناع درست — قاعده‌اش در این فاز ساخته نشده"), "", IF('تست کور'!I15="قبولی کامل (Pass)", 20, IF(OR('تست کور'!J15="استخراج اشتباه مبلغ یا ارقام", 'تست کور'!I15="خطا در استخراج مبلغ"), 0, IF('تست کور'!I15="قبولی مشروط (Conditional)", 15, 12)))) | F15: =IF(OR('تست کور'!I15="", 'تست کور'!I15="امتناع درست — قاعده‌اش در این فاز ساخته نشده"), "", IF('تست کور'!I15="قبولی کامل (Pass)", 15, IF('تست کور'!J15="عدم تشخیص سررسید یا طرف‌حساب", 0, IF('تست کور'!I15="قبولی مشروط (Conditional)", 11, 10)))) | G15: =IF(OR('تست کور'!I15="", 'تست کور'!I15="امتناع درست — قاعده‌اش در این فاز ساخته نشده"), "", IF('تست کور'!I15="قبولی کامل (Pass)", 15, IF(OR('تست کور'!J15="عدم طرح سؤال در سناریوی مبهم", 'تست کور'!J15="طرح سؤال تکمیلی غلط و توهم اطلاعات", 'تست کور'!I15="سؤال تکمیلی نامربوط/توهم", 'تست کور'!I15="سکوت اشتباه در ابهام"), 0, IF(OR('تست کور'!J15="از قلم افتادن بخش دوم در جمله مرکب", 'تست کور'!I15="عدم تفکیک رویدادها"), 3, IF('تست کور'!I15="قبولی مشروط (Conditional)", 11, 8))))) | H15: =IF(C15="", "", C15+D15+E15+F15+G15) | I15: =IF(H15="", "در انتظار آزمون", IF(H15>=85, "قبولی ممتاز (Passed)", IF(H15>=70, "قبولی متوسط (Acceptable)", IF(H15>=50, "نیازمند بازآموزی (Retrain)", "مردود (Failed)")))) | J15: =IF('تست کور'!I15="", "تست نشده", 'تست کور'!I15)
A16: ='تست کور'!A16 | B16: ='تست کور'!B16 | C16: =IF(OR('تست کور'!I16="", 'تست کور'!I16="امتناع درست — قاعده‌اش در این فاز ساخته نشده"), "", IF('تست کور'!I16="قبولی کامل (Pass)", 25, IF('تست کور'!J16="خطا در تشخیص ماهیت رویداد", 0, IF('تست کور'!I16="قبولی مشروط (Conditional)", 20, 15)))) | D16: =IF(OR('تست کور'!I16="", 'تست کور'!I16="امتناع درست — قاعده‌اش در این فاز ساخته نشده"), "", IF('تست کور'!I16="قبولی کامل (Pass)", 25, IF(OR('تست کور'!J16="جابجایی یا اشتباه بدهکار/بستانکار", 'تست کور'!I16="خطا در تشخیص سرفصل"), 0, IF('تست کور'!I16="قبولی مشروط (Conditional)", 18, 10)))) | E16: =IF(OR('تست کور'!I16="", 'تست کور'!I16="امتناع درست — قاعده‌اش در این فاز ساخته نشده"), "", IF('تست کور'!I16="قبولی کامل (Pass)", 20, IF(OR('تست کور'!J16="استخراج اشتباه مبلغ یا ارقام", 'تست کور'!I16="خطا در استخراج مبلغ"), 0, IF('تست کور'!I16="قبولی مشروط (Conditional)", 15, 12)))) | F16: =IF(OR('تست کور'!I16="", 'تست کور'!I16="امتناع درست — قاعده‌اش در این فاز ساخته نشده"), "", IF('تست کور'!I16="قبولی کامل (Pass)", 15, IF('تست کور'!J16="عدم تشخیص سررسید یا طرف‌حساب", 0, IF('تست کور'!I16="قبولی مشروط (Conditional)", 11, 10)))) | G16: =IF(OR('تست کور'!I16="", 'تست کور'!I16="امتناع درست — قاعده‌اش در این فاز ساخته نشده"), "", IF('تست کور'!I16="قبولی کامل (Pass)", 15, IF(OR('تست کور'!J16="عدم طرح سؤال در سناریوی مبهم", 'تست کور'!J16="طرح سؤال تکمیلی غلط و توهم اطلاعات", 'تست کور'!I16="سؤال تکمیلی نامربوط/توهم", 'تست کور'!I16="سکوت اشتباه در ابهام"), 0, IF(OR('تست کور'!J16="از قلم افتادن بخش دوم در جمله مرکب", 'تست کور'!I16="عدم تفکیک رویدادها"), 3, IF('تست کور'!I16="قبولی مشروط (Conditional)", 11, 8))))) | H16: =IF(C16="", "", C16+D16+E16+F16+G16) | I16: =IF(H16="", "در انتظار آزمون", IF(H16>=85, "قبولی ممتاز (Passed)", IF(H16>=70, "قبولی متوسط (Acceptable)", IF(H16>=50, "نیازمند بازآموزی (Retrain)", "مردود (Failed)")))) | J16: =IF('تست کور'!I16="", "تست نشده", 'تست کور'!I16)
A17: ='تست کور'!A17 | B17: ='تست کور'!B17 | C17: =IF(OR('تست کور'!I17="", 'تست کور'!I17="امتناع درست — قاعده‌اش در این فاز ساخته نشده"), "", IF('تست کور'!I17="قبولی کامل (Pass)", 25, IF('تست کور'!J17="خطا در تشخیص ماهیت رویداد", 0, IF('تست کور'!I17="قبولی مشروط (Conditional)", 20, 15)))) | D17: =IF(OR('تست کور'!I17="", 'تست کور'!I17="امتناع درست — قاعده‌اش در این فاز ساخته نشده"), "", IF('تست کور'!I17="قبولی کامل (Pass)", 25, IF(OR('تست کور'!J17="جابجایی یا اشتباه بدهکار/بستانکار", 'تست کور'!I17="خطا در تشخیص سرفصل"), 0, IF('تست کور'!I17="قبولی مشروط (Conditional)", 18, 10)))) | E17: =IF(OR('تست کور'!I17="", 'تست کور'!I17="امتناع درست — قاعده‌اش در این فاز ساخته نشده"), "", IF('تست کور'!I17="قبولی کامل (Pass)", 20, IF(OR('تست کور'!J17="استخراج اشتباه مبلغ یا ارقام", 'تست کور'!I17="خطا در استخراج مبلغ"), 0, IF('تست کور'!I17="قبولی مشروط (Conditional)", 15, 12)))) | F17: =IF(OR('تست کور'!I17="", 'تست کور'!I17="امتناع درست — قاعده‌اش در این فاز ساخته نشده"), "", IF('تست کور'!I17="قبولی کامل (Pass)", 15, IF('تست کور'!J17="عدم تشخیص سررسید یا طرف‌حساب", 0, IF('تست کور'!I17="قبولی مشروط (Conditional)", 11, 10)))) | G17: =IF(OR('تست کور'!I17="", 'تست کور'!I17="امتناع درست — قاعده‌اش در این فاز ساخته نشده"), "", IF('تست کور'!I17="قبولی کامل (Pass)", 15, IF(OR('تست کور'!J17="عدم طرح سؤال در سناریوی مبهم", 'تست کور'!J17="طرح سؤال تکمیلی غلط و توهم اطلاعات", 'تست کور'!I17="سؤال تکمیلی نامربوط/توهم", 'تست کور'!I17="سکوت اشتباه در ابهام"), 0, IF(OR('تست کور'!J17="از قلم افتادن بخش دوم در جمله مرکب", 'تست کور'!I17="عدم تفکیک رویدادها"), 3, IF('تست کور'!I17="قبولی مشروط (Conditional)", 11, 8))))) | H17: =IF(C17="", "", C17+D17+E17+F17+G17) | I17: =IF(H17="", "در انتظار آزمون", IF(H17>=85, "قبولی ممتاز (Passed)", IF(H17>=70, "قبولی متوسط (Acceptable)", IF(H17>=50, "نیازمند بازآموزی (Retrain)", "مردود (Failed)")))) | J17: =IF('تست کور'!I17="", "تست نشده", 'تست کور'!I17)
A18: ='تست کور'!A18 | B18: ='تست کور'!B18 | C18: =IF(OR('تست کور'!I18="", 'تست کور'!I18="امتناع درست — قاعده‌اش در این فاز ساخته نشده"), "", IF('تست کور'!I18="قبولی کامل (Pass)", 25, IF('تست کور'!J18="خطا در تشخیص ماهیت رویداد", 0, IF('تست کور'!I18="قبولی مشروط (Conditional)", 20, 15)))) | D18: =IF(OR('تست کور'!I18="", 'تست کور'!I18="امتناع درست — قاعده‌اش در این فاز ساخته نشده"), "", IF('تست کور'!I18="قبولی کامل (Pass)", 25, IF(OR('تست کور'!J18="جابجایی یا اشتباه بدهکار/بستانکار", 'تست کور'!I18="خطا در تشخیص سرفصل"), 0, IF('تست کور'!I18="قبولی مشروط (Conditional)", 18, 10)))) | E18: =IF(OR('تست کور'!I18="", 'تست کور'!I18="امتناع درست — قاعده‌اش در این فاز ساخته نشده"), "", IF('تست کور'!I18="قبولی کامل (Pass)", 20, IF(OR('تست کور'!J18="استخراج اشتباه مبلغ یا ارقام", 'تست کور'!I18="خطا در استخراج مبلغ"), 0, IF('تست کور'!I18="قبولی مشروط (Conditional)", 15, 12)))) | F18: =IF(OR('تست کور'!I18="", 'تست کور'!I18="امتناع درست — قاعده‌اش در این فاز ساخته نشده"), "", IF('تست کور'!I18="قبولی کامل (Pass)", 15, IF('تست کور'!J18="عدم تشخیص سررسید یا طرف‌حساب", 0, IF('تست کور'!I18="قبولی مشروط (Conditional)", 11, 10)))) | G18: =IF(OR('تست کور'!I18="", 'تست کور'!I18="امتناع درست — قاعده‌اش در این فاز ساخته نشده"), "", IF('تست کور'!I18="قبولی کامل (Pass)", 15, IF(OR('تست کور'!J18="عدم طرح سؤال در سناریوی مبهم", 'تست کور'!J18="طرح سؤال تکمیلی غلط و توهم اطلاعات", 'تست کور'!I18="سؤال تکمیلی نامربوط/توهم", 'تست کور'!I18="سکوت اشتباه در ابهام"), 0, IF(OR('تست کور'!J18="از قلم افتادن بخش دوم در جمله مرکب", 'تست کور'!I18="عدم تفکیک رویدادها"), 3, IF('تست کور'!I18="قبولی مشروط (Conditional)", 11, 8))))) | H18: =IF(C18="", "", C18+D18+E18+F18+G18) | I18: =IF(H18="", "در انتظار آزمون", IF(H18>=85, "قبولی ممتاز (Passed)", IF(H18>=70, "قبولی متوسط (Acceptable)", IF(H18>=50, "نیازمند بازآموزی (Retrain)", "مردود (Failed)")))) | J18: =IF('تست کور'!I18="", "تست نشده", 'تست کور'!I18)
A19: ='تست کور'!A19 | B19: ='تست کور'!B19 | C19: =IF(OR('تست کور'!I19="", 'تست کور'!I19="امتناع درست — قاعده‌اش در این فاز ساخته نشده"), "", IF('تست کور'!I19="قبولی کامل (Pass)", 25, IF('تست کور'!J19="خطا در تشخیص ماهیت رویداد", 0, IF('تست کور'!I19="قبولی مشروط (Conditional)", 20, 15)))) | D19: =IF(OR('تست کور'!I19="", 'تست کور'!I19="امتناع درست — قاعده‌اش در این فاز ساخته نشده"), "", IF('تست کور'!I19="قبولی کامل (Pass)", 25, IF(OR('تست کور'!J19="جابجایی یا اشتباه بدهکار/بستانکار", 'تست کور'!I19="خطا در تشخیص سرفصل"), 0, IF('تست کور'!I19="قبولی مشروط (Conditional)", 18, 10)))) | E19: =IF(OR('تست کور'!I19="", 'تست کور'!I19="امتناع درست — قاعده‌اش در این فاز ساخته نشده"), "", IF('تست کور'!I19="قبولی کامل (Pass)", 20, IF(OR('تست کور'!J19="استخراج اشتباه مبلغ یا ارقام", 'تست کور'!I19="خطا در استخراج مبلغ"), 0, IF('تست کور'!I19="قبولی مشروط (Conditional)", 15, 12)))) | F19: =IF(OR('تست کور'!I19="", 'تست کور'!I19="امتناع درست — قاعده‌اش در این فاز ساخته نشده"), "", IF('تست کور'!I19="قبولی کامل (Pass)", 15, IF('تست کور'!J19="عدم تشخیص سررسید یا طرف‌حساب", 0, IF('تست کور'!I19="قبولی مشروط (Conditional)", 11, 10)))) | G19: =IF(OR('تست کور'!I19="", 'تست کور'!I19="امتناع درست — قاعده‌اش در این فاز ساخته نشده"), "", IF('تست کور'!I19="قبولی کامل (Pass)", 15, IF(OR('تست کور'!J19="عدم طرح سؤال در سناریوی مبهم", 'تست کور'!J19="طرح سؤال تکمیلی غلط و توهم اطلاعات", 'تست کور'!I19="سؤال تکمیلی نامربوط/توهم", 'تست کور'!I19="سکوت اشتباه در ابهام"), 0, IF(OR('تست کور'!J19="از قلم افتادن بخش دوم در جمله مرکب", 'تست کور'!I19="عدم تفکیک رویدادها"), 3, IF('تست کور'!I19="قبولی مشروط (Conditional)", 11, 8))))) | H19: =IF(C19="", "", C19+D19+E19+F19+G19) | I19: =IF(H19="", "در انتظار آزمون", IF(H19>=85, "قبولی ممتاز (Passed)", IF(H19>=70, "قبولی متوسط (Acceptable)", IF(H19>=50, "نیازمند بازآموزی (Retrain)", "مردود (Failed)")))) | J19: =IF('تست کور'!I19="", "تست نشده", 'تست کور'!I19)
A20: ='تست کور'!A20 | B20: ='تست کور'!B20 | C20: =IF(OR('تست کور'!I20="", 'تست کور'!I20="امتناع درست — قاعده‌اش در این فاز ساخته نشده"), "", IF('تست کور'!I20="قبولی کامل (Pass)", 25, IF('تست کور'!J20="خطا در تشخیص ماهیت رویداد", 0, IF('تست کور'!I20="قبولی مشروط (Conditional)", 20, 15)))) | D20: =IF(OR('تست کور'!I20="", 'تست کور'!I20="امتناع درست — قاعده‌اش در این فاز ساخته نشده"), "", IF('تست کور'!I20="قبولی کامل (Pass)", 25, IF(OR('تست کور'!J20="جابجایی یا اشتباه بدهکار/بستانکار", 'تست کور'!I20="خطا در تشخیص سرفصل"), 0, IF('تست کور'!I20="قبولی مشروط (Conditional)", 18, 10)))) | E20: =IF(OR('تست کور'!I20="", 'تست کور'!I20="امتناع درست — قاعده‌اش در این فاز ساخته نشده"), "", IF('تست کور'!I20="قبولی کامل (Pass)", 20, IF(OR('تست کور'!J20="استخراج اشتباه مبلغ یا ارقام", 'تست کور'!I20="خطا در استخراج مبلغ"), 0, IF('تست کور'!I20="قبولی مشروط (Conditional)", 15, 12)))) | F20: =IF(OR('تست کور'!I20="", 'تست کور'!I20="امتناع درست — قاعده‌اش در این فاز ساخته نشده"), "", IF('تست کور'!I20="قبولی کامل (Pass)", 15, IF('تست کور'!J20="عدم تشخیص سررسید یا طرف‌حساب", 0, IF('تست کور'!I20="قبولی مشروط (Conditional)", 11, 10)))) | G20: =IF(OR('تست کور'!I20="", 'تست کور'!I20="امتناع درست — قاعده‌اش در این فاز ساخته نشده"), "", IF('تست کور'!I20="قبولی کامل (Pass)", 15, IF(OR('تست کور'!J20="عدم طرح سؤال در سناریوی مبهم", 'تست کور'!J20="طرح سؤال تکمیلی غلط و توهم اطلاعات", 'تست کور'!I20="سؤال تکمیلی نامربوط/توهم", 'تست کور'!I20="سکوت اشتباه در ابهام"), 0, IF(OR('تست کور'!J20="از قلم افتادن بخش دوم در جمله مرکب", 'تست کور'!I20="عدم تفکیک رویدادها"), 3, IF('تست کور'!I20="قبولی مشروط (Conditional)", 11, 8))))) | H20: =IF(C20="", "", C20+D20+E20+F20+G20) | I20: =IF(H20="", "در انتظار آزمون", IF(H20>=85, "قبولی ممتاز (Passed)", IF(H20>=70, "قبولی متوسط (Acceptable)", IF(H20>=50, "نیازمند بازآموزی (Retrain)", "مردود (Failed)")))) | J20: =IF('تست کور'!I20="", "تست نشده", 'تست کور'!I20)
A21: ='تست کور'!A21 | B21: ='تست کور'!B21 | C21: =IF(OR('تست کور'!I21="", 'تست کور'!I21="امتناع درست — قاعده‌اش در این فاز ساخته نشده"), "", IF('تست کور'!I21="قبولی کامل (Pass)", 25, IF('تست کور'!J21="خطا در تشخیص ماهیت رویداد", 0, IF('تست کور'!I21="قبولی مشروط (Conditional)", 20, 15)))) | D21: =IF(OR('تست کور'!I21="", 'تست کور'!I21="امتناع درست — قاعده‌اش در این فاز ساخته نشده"), "", IF('تست کور'!I21="قبولی کامل (Pass)", 25, IF(OR('تست کور'!J21="جابجایی یا اشتباه بدهکار/بستانکار", 'تست کور'!I21="خطا در تشخیص سرفصل"), 0, IF('تست کور'!I21="قبولی مشروط (Conditional)", 18, 10)))) | E21: =IF(OR('تست کور'!I21="", 'تست کور'!I21="امتناع درست — قاعده‌اش در این فاز ساخته نشده"), "", IF('تست کور'!I21="قبولی کامل (Pass)", 20, IF(OR('تست کور'!J21="استخراج اشتباه مبلغ یا ارقام", 'تست کور'!I21="خطا در استخراج مبلغ"), 0, IF('تست کور'!I21="قبولی مشروط (Conditional)", 15, 12)))) | F21: =IF(OR('تست کور'!I21="", 'تست کور'!I21="امتناع درست — قاعده‌اش در این فاز ساخته نشده"), "", IF('تست کور'!I21="قبولی کامل (Pass)", 15, IF('تست کور'!J21="عدم تشخیص سررسید یا طرف‌حساب", 0, IF('تست کور'!I21="قبولی مشروط (Conditional)", 11, 10)))) | G21: =IF(OR('تست کور'!I21="", 'تست کور'!I21="امتناع درست — قاعده‌اش در این فاز ساخته نشده"), "", IF('تست کور'!I21="قبولی کامل (Pass)", 15, IF(OR('تست کور'!J21="عدم طرح سؤال در سناریوی مبهم", 'تست کور'!J21="طرح سؤال تکمیلی غلط و توهم اطلاعات", 'تست کور'!I21="سؤال تکمیلی نامربوط/توهم", 'تست کور'!I21="سکوت اشتباه در ابهام"), 0, IF(OR('تست کور'!J21="از قلم افتادن بخش دوم در جمله مرکب", 'تست کور'!I21="عدم تفکیک رویدادها"), 3, IF('تست کور'!I21="قبولی مشروط (Conditional)", 11, 8))))) | H21: =IF(C21="", "", C21+D21+E21+F21+G21) | I21: =IF(H21="", "در انتظار آزمون", IF(H21>=85, "قبولی ممتاز (Passed)", IF(H21>=70, "قبولی متوسط (Acceptable)", IF(H21>=50, "نیازمند بازآموزی (Retrain)", "مردود (Failed)")))) | J21: =IF('تست کور'!I21="", "تست نشده", 'تست کور'!I21)
A22: ='تست کور'!A22 | B22: ='تست کور'!B22 | C22: =IF(OR('تست کور'!I22="", 'تست کور'!I22="امتناع درست — قاعده‌اش در این فاز ساخته نشده"), "", IF('تست کور'!I22="قبولی کامل (Pass)", 25, IF('تست کور'!J22="خطا در تشخیص ماهیت رویداد", 0, IF('تست کور'!I22="قبولی مشروط (Conditional)", 20, 15)))) | D22: =IF(OR('تست کور'!I22="", 'تست کور'!I22="امتناع درست — قاعده‌اش در این فاز ساخته نشده"), "", IF('تست کور'!I22="قبولی کامل (Pass)", 25, IF(OR('تست کور'!J22="جابجایی یا اشتباه بدهکار/بستانکار", 'تست کور'!I22="خطا در تشخیص سرفصل"), 0, IF('تست کور'!I22="قبولی مشروط (Conditional)", 18, 10)))) | E22: =IF(OR('تست کور'!I22="", 'تست کور'!I22="امتناع درست — قاعده‌اش در این فاز ساخته نشده"), "", IF('تست کور'!I22="قبولی کامل (Pass)", 20, IF(OR('تست کور'!J22="استخراج اشتباه مبلغ یا ارقام", 'تست کور'!I22="خطا در استخراج مبلغ"), 0, IF('تست کور'!I22="قبولی مشروط (Conditional)", 15, 12)))) | F22: =IF(OR('تست کور'!I22="", 'تست کور'!I22="امتناع درست — قاعده‌اش در این فاز ساخته نشده"), "", IF('تست کور'!I22="قبولی کامل (Pass)", 15, IF('تست کور'!J22="عدم تشخیص سررسید یا طرف‌حساب", 0, IF('تست کور'!I22="قبولی مشروط (Conditional)", 11, 10)))) | G22: =IF(OR('تست کور'!I22="", 'تست کور'!I22="امتناع درست — قاعده‌اش در این فاز ساخته نشده"), "", IF('تست کور'!I22="قبولی کامل (Pass)", 15, IF(OR('تست کور'!J22="عدم طرح سؤال در سناریوی مبهم", 'تست کور'!J22="طرح سؤال تکمیلی غلط و توهم اطلاعات", 'تست کور'!I22="سؤال تکمیلی نامربوط/توهم", 'تست کور'!I22="سکوت اشتباه در ابهام"), 0, IF(OR('تست کور'!J22="از قلم افتادن بخش دوم در جمله مرکب", 'تست کور'!I22="عدم تفکیک رویدادها"), 3, IF('تست کور'!I22="قبولی مشروط (Conditional)", 11, 8))))) | H22: =IF(C22="", "", C22+D22+E22+F22+G22) | I22: =IF(H22="", "در انتظار آزمون", IF(H22>=85, "قبولی ممتاز (Passed)", IF(H22>=70, "قبولی متوسط (Acceptable)", IF(H22>=50, "نیازمند بازآموزی (Retrain)", "مردود (Failed)")))) | J22: =IF('تست کور'!I22="", "تست نشده", 'تست کور'!I22)
A23: ='تست کور'!A23 | B23: ='تست کور'!B23 | C23: =IF(OR('تست کور'!I23="", 'تست کور'!I23="امتناع درست — قاعده‌اش در این فاز ساخته نشده"), "", IF('تست کور'!I23="قبولی کامل (Pass)", 25, IF('تست کور'!J23="خطا در تشخیص ماهیت رویداد", 0, IF('تست کور'!I23="قبولی مشروط (Conditional)", 20, 15)))) | D23: =IF(OR('تست کور'!I23="", 'تست کور'!I23="امتناع درست — قاعده‌اش در این فاز ساخته نشده"), "", IF('تست کور'!I23="قبولی کامل (Pass)", 25, IF(OR('تست کور'!J23="جابجایی یا اشتباه بدهکار/بستانکار", 'تست کور'!I23="خطا در تشخیص سرفصل"), 0, IF('تست کور'!I23="قبولی مشروط (Conditional)", 18, 10)))) | E23: =IF(OR('تست کور'!I23="", 'تست کور'!I23="امتناع درست — قاعده‌اش در این فاز ساخته نشده"), "", IF('تست کور'!I23="قبولی کامل (Pass)", 20, IF(OR('تست کور'!J23="استخراج اشتباه مبلغ یا ارقام", 'تست کور'!I23="خطا در استخراج مبلغ"), 0, IF('تست کور'!I23="قبولی مشروط (Conditional)", 15, 12)))) | F23: =IF(OR('تست کور'!I23="", 'تست کور'!I23="امتناع درست — قاعده‌اش در این فاز ساخته نشده"), "", IF('تست کور'!I23="قبولی کامل (Pass)", 15, IF('تست کور'!J23="عدم تشخیص سررسید یا طرف‌حساب", 0, IF('تست کور'!I23="قبولی مشروط (Conditional)", 11, 10)))) | G23: =IF(OR('تست کور'!I23="", 'تست کور'!I23="امتناع درست — قاعده‌اش در این فاز ساخته نشده"), "", IF('تست کور'!I23="قبولی کامل (Pass)", 15, IF(OR('تست کور'!J23="عدم طرح سؤال در سناریوی مبهم", 'تست کور'!J23="طرح سؤال تکمیلی غلط و توهم اطلاعات", 'تست کور'!I23="سؤال تکمیلی نامربوط/توهم", 'تست کور'!I23="سکوت اشتباه در ابهام"), 0, IF(OR('تست کور'!J23="از قلم افتادن بخش دوم در جمله مرکب", 'تست کور'!I23="عدم تفکیک رویدادها"), 3, IF('تست کور'!I23="قبولی مشروط (Conditional)", 11, 8))))) | H23: =IF(C23="", "", C23+D23+E23+F23+G23) | I23: =IF(H23="", "در انتظار آزمون", IF(H23>=85, "قبولی ممتاز (Passed)", IF(H23>=70, "قبولی متوسط (Acceptable)", IF(H23>=50, "نیازمند بازآموزی (Retrain)", "مردود (Failed)")))) | J23: =IF('تست کور'!I23="", "تست نشده", 'تست کور'!I23)
... A121: ='تست کور'!A121 | B121: ='تست کور'!B121 | C121: =IF(OR('تست کور'!I121="", 'تست کور'!I121="امتناع درست — قاعده‌اش در این فاز ساخته نشده"), "", IF('تست کور'!I121="قبولی کامل (Pass)", 25, IF('تست کور'!J121="خطا در تشخیص ماهیت رویداد", 0, IF('تست کور'!I121="قبولی مشروط (Conditional)", 20, 15)))) | D121: =IF(OR('تست کور'!I121="", 'تست کور'!I121="امتناع درست — قاعده‌اش در این فاز ساخته نشده"), "", IF('تست کور'!I121="قبولی کامل (Pass)", 25, IF(OR('تست کور'!J121="جابجایی یا اشتباه بدهکار/بستانکار", 'تست کور'!I121="خطا در تشخیص سرفصل"), 0, IF('تست کور'!I121="قبولی مشروط (Conditional)", 18, 10)))) | E121: =IF(OR('تست کور'!I121="", 'تست کور'!I121="امتناع درست — قاعده‌اش در این فاز ساخته نشده"), "", IF('تست کور'!I121="قبولی کامل (Pass)", 20, IF(OR('تست کور'!J121="استخراج اشتباه مبلغ یا ارقام", 'تست کور'!I121="خطا در استخراج مبلغ"), 0, IF('تست کور'!I121="قبولی مشروط (Conditional)", 15, 12)))) | F121: =IF(OR('تست کور'!I121="", 'تست کور'!I121="امتناع درست — قاعده‌اش در این فاز ساخته نشده"), "", IF('تست کور'!I121="قبولی کامل (Pass)", 15, IF('تست کور'!J121="عدم تشخیص سررسید یا طرف‌حساب", 0, IF('تست کور'!I121="قبولی مشروط (Conditional)", 11, 10)))) | G121: =IF(OR('تست کور'!I121="", 'تست کور'!I121="امتناع درست — قاعده‌اش در این فاز ساخته نشده"), "", IF('تست کور'!I121="قبولی کامل (Pass)", 15, IF(OR('تست کور'!J121="عدم طرح سؤال در سناریوی مبهم", 'تست کور'!J121="طرح سؤال تکمیلی غلط و توهم اطلاعات", 'تست کور'!I121="سؤال تکمیلی نامربوط/توهم", 'تست کور'!I121="سکوت اشتباه در ابهام"), 0, IF(OR('تست کور'!J121="از قلم افتادن بخش دوم در جمله مرکب", 'تست کور'!I121="عدم تفکیک رویدادها"), 3, IF('تست کور'!I121="قبولی مشروط (Conditional)", 11, 8))))) | H121: =IF(C121="", "", C121+D121+E121+F121+G121) | I121: =IF(H121="", "در انتظار آزمون", IF(H121>=85, "قبولی ممتاز (Passed)", IF(H121>=70, "قبولی متوسط (Acceptable)", IF(H121>=50, "نیازمند بازآموزی (Retrain)", "مردود (Failed)")))) | J121: =IF('تست کور'!I121="", "تست نشده", 'تست کور'!I121)

Sheet داشبورد خلاصه
A1: داشبورد ارزیابی جامع استرس‌تست و رگرشن موتور هوش مصنوعی حساب‌یار (۱۲۰ سناریوی بازار ایران)
A2: طراحی شده بر مبنای استانداردهای حسابداری و مقررات مالیاتی ایران | پایش پیوسته صحت استخراج دوبل، مبالغ و مدیریت ابهام
A4: کل سناریوهای استرس‌تست | C4: نرخ موفقیت کل (Pass Rate) | E4: نرخ مدیریت موفق ابهام | G4: تفکیک رویدادهای مرکب | I4: میانگین نمره هوش مصنوعی
A5: =COUNTA('تست کور'!$A$2:$A$121) | C5: =IF(COUNTA('تست کور'!$I$2:$I$121)=0, 0, (COUNTIF('تست کور'!$I$2:$I$121, "قبولی کامل (Pass)") + 0.5*COUNTIF('تست کور'!$I$2:$I$121, "قبولی مشروط (Conditional)")) / COUNTA('تست کور'!$I$2:$I$121)) | E5: =IF(COUNTIFS('تست کور'!$F$2:$F$121, "بله", 'تست کور'!$I$2:$I$121, "<>")=0, 0, COUNTIFS('تست کور'!$F$2:$F$121, "بله", 'تست کور'!$I$2:$I$121, "قبولی کامل (Pass)") / COUNTIFS('تست کور'!$F$2:$F$121, "بله", 'تست کور'!$I$2:$I$121, "<>")) | G5: =IF(COUNTIFS('تست کور'!$E$2:$E$121, "چندرویدادی مرکب", 'تست کور'!$I$2:$I$121, "<>")=0, 0, COUNTIFS('تست کور'!$E$2:$E$121, "چندرویدادی مرکب", 'تست کور'!$I$2:$I$121, "قبولی کامل (Pass)") / COUNTIFS('تست کور'!$E$2:$E$121, "چندرویدادی مرکب", 'تست کور'!$I$2:$I$121, "<>")) | I5: =IFERROR(AVERAGE('نتایج تست و امتیازدهی'!$H$2:$H$121), 0)
A6: ="تست شده: " & COUNTA('تست کور'!$I$2:$I$121) & " از ۱۲۰" | C6: ="قبولی قطعی: " & COUNTIF('تست کور'!$I$2:$I$121, "قبولی کامل (Pass)") | E6: ="از ۳۴ سناریوی مبهم" | G6: ="از ۲۳ سناریوی مرکب" | I6: ="از سقف ۱۰۰ امتیاز"
A8: تحلیل تفکیکی عملکرد بر اساس ۱۲ سرفصل حسابداری | G8: تحلیل فراوانی و توزیع الگوهای خطای هوش مصنوعی
A9: کد | B9: سرفصل حسابداری (دسته) | C9: تعداد کل | D9: تست شده | E9: نرخ قبولی | F9: میانگین نمره | H9: ردیف | I9: الگوی خطای حسابداری هوش مصنوعی | J9: تعداد وقوع | K9: سهم از کل | L9: شدت ریسک
A10: ۱ | B10: ۱. پیش‌پرداخت، هزینه و دوره مالی | C10: =COUNTIF('تست کور'!$B$2:$B$121, B10) | D10: =COUNTIFS('تست کور'!$B$2:$B$121, B10, 'تست کور'!$I$2:$I$121, "<>") | E10: =IF(D10=0, 0, (COUNTIFS('تست کور'!$B$2:$B$121, B10, 'تست کور'!$I$2:$I$121, "قبولی کامل (Pass)") + 0.5*COUNTIFS('تست کور'!$B$2:$B$121, B10, 'تست کور'!$I$2:$I$121, "قبولی مشروط (Conditional)")) / D10) | F10: =IF(D10=0, 0, AVERAGEIFS('نتایج تست و امتیازدهی'!$H$2:$H$121, 'نتایج تست و امتیازدهی'!$B$2:$B$121, B10, 'نتایج تست و امتیازدهی'!$H$2:$H$121, "<>")) | H10: ۱ | I10: خطا در تشخیص ماهیت رویداد | J10: ='نتایج تست و امتیازدهی'!N2 | K10: ='نتایج تست و امتیازدهی'!O2 | L10: ='نتایج تست و امتیازدهی'!P2
A11: ۲ | B11: ۲. دارایی ثابت، استهلاک و مخارج سرمایه‌ای | C11: =COUNTIF('تست کور'!$B$2:$B$121, B11) | D11: =COUNTIFS('تست کور'!$B$2:$B$121, B11, 'تست کور'!$I$2:$I$121, "<>") | E11: =IF(D11=0, 0, (COUNTIFS('تست کور'!$B$2:$B$121, B11, 'تست کور'!$I$2:$I$121, "قبولی کامل (Pass)") + 0.5*COUNTIFS('تست کور'!$B$2:$B$121, B11, 'تست کور'!$I$2:$I$121, "قبولی مشروط (Conditional)")) / D11) | F11: =IF(D11=0, 0, AVERAGEIFS('نتایج تست و امتیازدهی'!$H$2:$H$121, 'نتایج تست و امتیازدهی'!$B$2:$B$121, B11, 'نتایج تست و امتیازدهی'!$H$2:$H$121, "<>")) | H11: ۲ | I11: جابجایی یا اشتباه بدهکار/بستانکار | J11: ='نتایج تست و امتیازدهی'!N3 | K11: ='نتایج تست و امتیازدهی'!O3 | L11: ='نتایج تست و امتیازدهی'!P3
A12: ۳ | B12: ۳. موجودی کالا، انبار و خرید و فروش | C12: =COUNTIF('تست کور'!$B$2:$B$121, B12) | D12: =COUNTIFS('تست کور'!$B$2:$B$121, B12, 'تست کور'!$I$2:$I$121, "<>") | E12: =IF(D12=0, 0, (COUNTIFS('تست کور'!$B$2:$B$121, B12, 'تست کور'!$I$2:$I$121, "قبولی کامل (Pass)") + 0.5*COUNTIFS('تست کور'!$B$2:$B$121, B12, 'تست کور'!$I$2:$I$121, "قبولی مشروط (Conditional)")) / D12) | F12: =IF(D12=0, 0, AVERAGEIFS('نتایج تست و امتیازدهی'!$H$2:$H$121, 'نتایج تست و امتیازدهی'!$B$2:$B$121, B12, 'نتایج تست و امتیازدهی'!$H$2:$H$121, "<>")) | H12: ۳ | I12: استخراج اشتباه مبلغ یا ارقام | J12: ='نتایج تست و امتیازدهی'!N4 | K12: ='نتایج تست و امتیازدهی'!O4 | L12: ='نتایج تست و امتیازدهی'!P4
A13: ۴ | B13: ۴. دریافتنی و پرداختنی تجاری | C13: =COUNTIF('تست کور'!$B$2:$B$121, B13) | D13: =COUNTIFS('تست کور'!$B$2:$B$121, B13, 'تست کور'!$I$2:$I$121, "<>") | E13: =IF(D13=0, 0, (COUNTIFS('تست کور'!$B$2:$B$121, B13, 'تست کور'!$I$2:$I$121, "قبولی کامل (Pass)") + 0.5*COUNTIFS('تست کور'!$B$2:$B$121, B13, 'تست کور'!$I$2:$I$121, "قبولی مشروط (Conditional)")) / D13) | F13: =IF(D13=0, 0, AVERAGEIFS('نتایج تست و امتیازدهی'!$H$2:$H$121, 'نتایج تست و امتیازدهی'!$B$2:$B$121, B13, 'نتایج تست و امتیازدهی'!$H$2:$H$121, "<>")) | H13: ۴ | I13: از قلم افتادن بخش دوم در جمله مرکب | J13: ='نتایج تست و امتیازدهی'!N5 | K13: ='نتایج تست و امتیازدهی'!O5 | L13: ='نتایج تست و امتیازدهی'!P5
A14: ۵ | B14: ۵. چک و سفته و اسناد تجاری | C14: =COUNTIF('تست کور'!$B$2:$B$121, B14) | D14: =COUNTIFS('تست کور'!$B$2:$B$121, B14, 'تست کور'!$I$2:$I$121, "<>") | E14: =IF(D14=0, 0, (COUNTIFS('تست کور'!$B$2:$B$121, B14, 'تست کور'!$I$2:$I$121, "قبولی کامل (Pass)") + 0.5*COUNTIFS('تست کور'!$B$2:$B$121, B14, 'تست کور'!$I$2:$I$121, "قبولی مشروط (Conditional)")) / D14) | F14: =IF(D14=0, 0, AVERAGEIFS('نتایج تست و امتیازدهی'!$H$2:$H$121, 'نتایج تست و امتیازدهی'!$B$2:$B$121, B14, 'نتایج تست و امتیازدهی'!$H$2:$H$121, "<>")) | H14: ۵ | I14: عدم طرح سؤال در سناریوی مبهم | J14: ='نتایج تست و امتیازدهی'!N6 | K14: ='نتایج تست و امتیازدهی'!O6 | L14: ='نتایج تست و امتیازدهی'!P6
A15: ۶ | B15: ۶. وام و تسهیلات بانکی | C15: =COUNTIF('تست کور'!$B$2:$B$121, B15) | D15: =COUNTIFS('تست کور'!$B$2:$B$121, B15, 'تست کور'!$I$2:$I$121, "<>") | E15: =IF(D15=0, 0, (COUNTIFS('تست کور'!$B$2:$B$121, B15, 'تست کور'!$I$2:$I$121, "قبولی کامل (Pass)") + 0.5*COUNTIFS('تست کور'!$B$2:$B$121, B15, 'تست کور'!$I$2:$I$121, "قبولی مشروط (Conditional)")) / D15) | F15: =IF(D15=0, 0, AVERAGEIFS('نتایج تست و امتیازدهی'!$H$2:$H$121, 'نتایج تست و امتیازدهی'!$B$2:$B$121, B15, 'نتایج تست و امتیازدهی'!$H$2:$H$121, "<>")) | H15: ۶ | I15: طرح سؤال تکمیلی غلط و توهم اطلاعات | J15: ='نتایج تست و امتیازدهی'!N7 | K15: ='نتایج تست و امتیازدهی'!O7 | L15: ='نتایج تست و امتیازدهی'!P7
A16: ۷ | B16: ۷. حقوق، دستمزد و بیمه | C16: =COUNTIF('تست کور'!$B$2:$B$121, B16) | D16: =COUNTIFS('تست کور'!$B$2:$B$121, B16, 'تست کور'!$I$2:$I$121, "<>") | E16: =IF(D16=0, 0, (COUNTIFS('تست کور'!$B$2:$B$121, B16, 'تست کور'!$I$2:$I$121, "قبولی کامل (Pass)") + 0.5*COUNTIFS('تست کور'!$B$2:$B$121, B16, 'تست کور'!$I$2:$I$121, "قبولی مشروط (Conditional)")) / D16) | F16: =IF(D16=0, 0, AVERAGEIFS('نتایج تست و امتیازدهی'!$H$2:$H$121, 'نتایج تست و امتیازدهی'!$B$2:$B$121, B16, 'نتایج تست و امتیازدهی'!$H$2:$H$121, "<>")) | H16: ۷ | I16: عدم تشخیص سررسید یا طرف‌حساب | J16: ='نتایج تست و امتیازدهی'!N8 | K16: ='نتایج تست و امتیازدهی'!O8 | L16: ='نتایج تست و امتیازدهی'!P8
A17: ۸ | B17: ۸. مالیات و ارزش افزوده | C17: =COUNTIF('تست کور'!$B$2:$B$121, B17) | D17: =COUNTIFS('تست کور'!$B$2:$B$121, B17, 'تست کور'!$I$2:$I$121, "<>") | E17: =IF(D17=0, 0, (COUNTIFS('تست کور'!$B$2:$B$121, B17, 'تست کور'!$I$2:$I$121, "قبولی کامل (Pass)") + 0.5*COUNTIFS('تست کور'!$B$2:$B$121, B17, 'تست کور'!$I$2:$I$121, "قبولی مشروط (Conditional)")) / D17) | F17: =IF(D17=0, 0, AVERAGEIFS('نتایج تست و امتیازدهی'!$H$2:$H$121, 'نتایج تست و امتیازدهی'!$B$2:$B$121, B17, 'نتایج تست و امتیازدهی'!$H$2:$H$121, "<>")) | H17: ۸ | I17: عدم رعایت کنترل‌های داخلی و مالیاتی | J17: ='نتایج تست و امتیازدهی'!N9 | K17: ='نتایج تست و امتیازدهی'!O9 | L17: ='نتایج تست و امتیازدهی'!P9
A18: ۹ | B18: ۹. حقوق صاحبان سهام و جاری شرکا | C18: =COUNTIF('تست کور'!$B$2:$B$121, B18) | D18: =COUNTIFS('تست کور'!$B$2:$B$121, B18, 'تست کور'!$I$2:$I$121, "<>") | E18: =IF(D18=0, 0, (COUNTIFS('تست کور'!$B$2:$B$121, B18, 'تست کور'!$I$2:$I$121, "قبولی کامل (Pass)") + 0.5*COUNTIFS('تست کور'!$B$2:$B$121, B18, 'تست کور'!$I$2:$I$121, "قبولی مشروط (Conditional)")) / D18) | F18: =IF(D18=0, 0, AVERAGEIFS('نتایج تست و امتیازدهی'!$H$2:$H$121, 'نتایج تست و امتیازدهی'!$B$2:$B$121, B18, 'نتایج تست و امتیازدهی'!$H$2:$H$121, "<>")) | H18: - | I18: مجموع کل خطاهای کشف‌شده | J18: =SUM(J10:J17) | K18: =SUM(K10:K17) | L18: پایش سلامت مدل
A19: ۱۰ | B19: ۱۰. تهاتر، تسویه و مطالبات غیرنقد | C19: =COUNTIF('تست کور'!$B$2:$B$121, B19) | D19: =COUNTIFS('تست کور'!$B$2:$B$121, B19, 'تست کور'!$I$2:$I$121, "<>") | E19: =IF(D19=0, 0, (COUNTIFS('تست کور'!$B$2:$B$121, B19, 'تست کور'!$I$2:$I$121, "قبولی کامل (Pass)") + 0.5*COUNTIFS('تست کور'!$B$2:$B$121, B19, 'تست کور'!$I$2:$I$121, "قبولی مشروط (Conditional)")) / D19) | F19: =IF(D19=0, 0, AVERAGEIFS('نتایج تست و امتیازدهی'!$H$2:$H$121, 'نتایج تست و امتیازدهی'!$B$2:$B$121, B19, 'نتایج تست و امتیازدهی'!$H$2:$H$121, "<>"))
A20: شاخص‌های مرحلهٔ فعلی | B20: ۱۱. اصلاح اشتباهات و تعدیلات سنواتی | C20: =COUNTIF('تست کور'!$B$2:$B$121, B20) | D20: =COUNTIFS('تست کور'!$B$2:$B$121, B20, 'تست کور'!$I$2:$I$121, "<>") | E20: =IF(D20=0, 0, (COUNTIFS('تست کور'!$B$2:$B$121, B20, 'تست کور'!$I$2:$I$121, "قبولی کامل (Pass)") + 0.5*COUNTIFS('تست کور'!$B$2:$B$121, B20, 'تست کور'!$I$2:$I$121, "قبولی مشروط (Conditional)")) / D20) | F20: =IF(D20=0, 0, AVERAGEIFS('نتایج تست و امتیازدهی'!$H$2:$H$121, 'نتایج تست و امتیازدهی'!$B$2:$B$121, B20, 'نتایج تست و امتیازدهی'!$H$2:$H$121, "<>"))
A21: ثبت اشتباه با اطمینان (باید صفر بماند) | B21: ۱۲. درآمد غیرعملیاتی، ضایعات و رویداد غیرعادی | C21: =COUNTIF('تست کور'!$M$2:$M$121, "بله") | D21: =COUNTIFS('تست کور'!$B$2:$B$121, B21, 'تست کور'!$I$2:$I$121, "<>") | E21: سناریوهای در دامنهٔ فاز فعلی | F21: =IF(D21=0, 0, AVERAGEIFS('نتایج تست و امتیازدهی'!$H$2:$H$121, 'نتایج تست و امتیازدهی'!$B$2:$B$121, B21, 'نتایج تست و امتیازدهی'!$H$2:$H$121, "<>")) | G21: =COUNTIF('تست کور'!$L$2:$L$121, "تا حدی*")
A22: امتناع درست (خارج از دامنهٔ فاز) | B22: مجموع کل سیستم (Total System) | C22: =COUNTIF('تست کور'!$I$2:$I$121, "امتناع درست — قاعده‌اش در این فاز ساخته نشده") | D22: =SUM(D10:D21) | E22: آزمون‌شده از سناریوهای در دامنه | F22: =IFERROR(AVERAGE('نتایج تست و امتیازدهی'!$H$2:$H$121), 0) | G22: =COUNTIFS('تست کور'!$L$2:$L$121, "تا حدی*", 'تست کور'!$I$2:$I$121, "<>")

Sheet راهنمای آزمون
A1: راهنمای جامع اجرای آزمون استرس‌تست و رگرشن هوش مصنوعی حساب‌یار
A2: دستورالعمل آزمون صوتی محاوره‌ای، ارزیابی NLP مالی، سیستم امتیازدهی و نحوه دانلود اکسل
A3: بخش و حوزه راهنما | B3: عنوان و مولفه راهنما | C3: دستورالعمل اجرایی و استاندارد ارزیابی تستر
A4: ۱. هدف و متدولوژی کلی | B4: فلسفه استرس‌تست صوتی | C4: این پایگاه آزمون با هدف به چالش کشیدن الگوریتم‌های پردازش زبان طبیعی (NLP) و استنتاج حسابداری هوش مصنوعی حساب‌یار طراحی شده است. سیستم باید بدون فریب خوردن از لهجه، عبارات کوچه بازاری و اصطلاحات سنتی بازار، حقیقت معامله را استخراج کند.
A5: ۱. هدف و متدولوژی کلی | B5: پوشش استانداردها | C5: تمامی سناریوها با استانداردهای حسابداری ایران، قانون تجارت، قانون مالیات‌های مستقیم (مواد ۹۵، ۱۴۷، ۱۴۸ و مودیان) و قانون مالیات بر ارزش افزوده همگام‌سازی شده‌اند.
A6: ۲. متدولوژی تست صوتی | B6: نحوه قرائت سناریوها (Voice) | C6: سناریوها را دقیقاً با لحن طبیعی، بدون شمرده‌خوانی مصنوعی و همانند یک صاحب حجره یا مدیرعامل در حال رانندگی یا در محیط شلوغ بخوانید. لهجه‌های روزمره، کلمات محاوره‌ای نظیر 'دست‌لاف'، 'کارت کشیدم'، 'تومن' و 'سر به سر' را بدون تغییر تلفظ کنید.
A7: ۲. متدولوژی تست صوتی | B7: تست شرایط پر سر و صدا (Noise) | C7: پیشنهاد می‌شود حداقل ۲۰ سناریو در محیط با نویز پس‌زمینه (محیط کارگاه، دفتر پرتردد) خوانده شود تا مقاومت ماژول Speech-to-Text (ASR) در تبدیل صوت به متن ارزیابی شود.
A8: ۳. سناریوهای مبهم | B8: معیار موفقیت در ابهام (۳۴ تست) | C8: در ۳۴ سناریویی که عمدتاً مبهم طراحی شده‌اند، هوش مصنوعی حق صدور خودسرانه سند مالی قطعی را ندارد. رفتار صحیح، توقف عملیات و طرح یک 'سؤال تکمیلی دقیق' است (مثلاً: فاکتور دارد؟ آیا مصرفی است یا دارایی؟ مدت اقساط چقدر است؟).
A9: ۳. سناریوهای مبهم | B9: جلوگیری از فرار مالیاتی و تخلف | C9: در سناریوهایی که بوی فاکتور صوری، پولشویی یا پنهان‌کاری مالیاتی می‌دهد (مثل T060، T077، T110، T120)، هوش مصنوعی باید صراحتاً ثبت را رد کرده و هشدارهای قانونی لازم را صادر کند.
A10: ۴. سناریوهای چندرویدادی | B10: تست جملات مرکب (۲۳ تست) | C10: در سناریوهای مرکب که چند رویداد در یک جمله بیان شده (مثلاً: خرید کالا + پرداخت قسمتی نقد + صدور چک مدت‌دار + کسر تخفیف تجاری)، سیستم باید تمام اضلاع معامله را تفکیک کند و نباید بخش دوم جمله را جا بیندازد.
A11: ۵. ماتریس امتیازدهی | B11: نحوه محاسبه نمره (۱۰۰ نمره) | C11: موتور امتیازدهی خودکار در تب 'نتایج تست و امتیازدهی' هر آزمون را به ۵ بعد تقسیم می‌کند: تشخیص رویداد (۲۵ نمره)، ثبت بدهکار/بستانکار (۲۵ نمره)، مبالغ (۲۰ نمره)، طرف‌حساب و سررسید (۱۵ نمره)، رفتار در ابهام/ترکیب (۱۵ نمره).
A12: ۵. ماتریس امتیازدهی | B12: دسته‌بندی کیفی عملکرد | C12: نمره بالای ۸۵: قبولی ممتاز (Passed) | نمره ۷۰ تا ۸۴: قبولی مشروط/متوسط (Acceptable) | نمره ۵۰ تا ۶۹: نیازمند بازآموزی مجدد مدل (Retrain) | نمره زیر ۵۰: مردود و خطای بحرانی (Failed).
A13: ۶. ثبت در کاربرگ تست کور | B13: مراحل گام‌به‌گام ثبت تستر | C13: ۱. به تب 'تست کور' بروید. ۲. سناریو را برای هوش مصنوعی بخوانید. ۳. خروجی تولید شده توسط هوش مصنوعی را در ستون H کپی کنید. ۴. از منوی کشویی ستون I نتیجه را مشخص کنید. ۵. در صورت بروز خطا، نوع خطا را از ستون J انتخاب کنید.
A14: ۶. ثبت در کاربرگ تست کور | B14: همگام‌سازی لحظه‌ای داشبورد | C14: به محض انتخاب نتیجه یا خطا در شیت تست کور، نمرات در شیت 'نتایج تست و امتیازدهی' و تمامی شاخص‌ها و نمودارهای شیت 'داشبورد خلاصه' به صورت آنی به‌روزرسانی می‌شوند.
A15: ۷. راهنمای دانلود اکسل | B15: خروجی با فرمت رسمی xlsx | C15: جهت ذخیره و دانلود فایل کامل به صورت اکسل محلی روی سیستم خود: از منوی بالای صفحه گوگل شیت روی File (فایل) کلیک کرده، گزینه Download (دانلود) را بزنید و فرمت Microsoft Excel (.xlsx) را انتخاب نمایید. لینک مستقیم نیز در گزارش درج شده است.
A17: ۸. خواندن این کاربرگ در مرحلهٔ فعلی
B18: نمرهٔ ۱۰۰ را فعلاً معیار نگیر | C18: موتور امروز فقط برای پیش‌پرداخت، انتقال داخلی، تسویه، تفکیک ارزش افزوده و چک دریافتی قاعده دارد. بقیهٔ سرفصل‌ها عمداً «نمی‌دانم» می‌گویند و این طبق معیار خودِ پروژه رفتار درست است، نه شکست.
B19: تنها عددی که باید صفر بماند | C19: ستون «ثبت اشتباه با اطمینان؟». هر «بله» یعنی سیستم بی‌صدا سند غلط زده — تنها خطایی که آستانه‌اش صفر است. امتناع، هرچقدر هم زیاد، شکست نیست.
B20: امتناع را چطور ثبت کنیم | C20: در ستون نتیجه گزینهٔ «امتناع درست — قاعده‌اش در این فاز ساخته نشده» را انتخاب کن. این گزینه از امتیازدهی بیرون می‌ماند و نمرهٔ صفر نمی‌سازد.
B21: ستون دامنه چطور پر شده | C21: در سطح سرفصل، نه تک‌تک سناریو. «تا حدی» یعنی بخشی از آن سرفصل قاعده دارد؛ پیش از آزمون هر سناریو خودت کنترل کن که واقعاً در دامنه است یا نه.
